Workbook

Sheet Data
A1: title | B1: magnitude | C1: date_time | D1: cdi | E1: mmi | F1: alert | G1: tsunami | H1: sig | I1: net | J1: nst | K1: dmin | L1: gap | M1: magType | N1: depth | O1: latitude | P1: longitude | Q1: location | R1: continent | S1: country | T1: DateTime_Converted | U1: Title_Pattern | V1: magType_Normalized | W1: Duplicate_Flag | X1: Year | Y1: Magnitude_Band | Z1: Alert_Audit
A2: M 6.5 - 42 km W of Sola, Vanuatu | B2: 6.5 | C2: 16/08/2023 12:47 | D2: 7 | E2: 4 | F2: green | G2: 0 | H2: 657 | I2: us | J2: 114 | K2: 7.177 | L2: 25 | M2: mww | N2: 192.955 | O2: -13.8814 | P2: 167.158 | Q2: Sola, Vanuatu | S2: Vanuatu | T2: =DATE(MID(C2,7,4),MID(C2,4,2),MID(C2,1,2))+TIME(MID(C2,12,2),MID(C2,15,2),0) | U2: =IF(ISNUMBER(VALUE(MID(A2,7,1))),"Distance-prefix pattern","Named-region pattern") | V2: =LOWER(M2) | W2: =IF(COUNTIFS($A$2:$A$1001,A2,$C$2:$C$1001,C2)>1,"Duplicate","Unique") | X2: =YEAR(T2) | Y2: =IF(B2<6.5,"<6.5",IF(B2<7,"6.5–6.9",IF(B2<7.5,"7.0–7.4",IF(B2<8,"7.5–7.9","8.0+")))) | Z2: =IF(F2="","Blank",F2)
A3: M 6.5 - 43 km S of Intipucá, El Salvador | B3: 6.5 | C3: 19/07/2023 00:22 | D3: 8 | E3: 6 | F3: yellow | G3: 0 | H3: 775 | I3: us | J3: 92 | K3: 0.679 | L3: 40 | M3: mww | N3: 69.727 | O3: 12.814 | P3: -88.1265 | Q3: Intipucá, El Salvador | T3: =DATE(MID(C3,7,4),MID(C3,4,2),MID(C3,1,2))+TIME(MID(C3,12,2),MID(C3,15,2),0) | U3: =IF(ISNUMBER(VALUE(MID(A3,7,1))),"Distance-prefix pattern","Named-region pattern") | V3: =LOWER(M3) | W3: =IF(COUNTIFS($A$2:$A$1001,A3,$C$2:$C$1001,C3)>1,"Duplicate","Unique") | X3: =YEAR(T3) | Y3: =IF(B3<6.5,"<6.5",IF(B3<7,"6.5–6.9",IF(B3<7.5,"7.0–7.4",IF(B3<8,"7.5–7.9","8.0+")))) | Z3: =IF(F3="","Blank",F3)
A4: M 6.6 - 25 km ESE of Loncopué, Argentina | B4: 6.6 | C4: 17/07/2023 03:05 | D4: 7 | E4: 5 | F4: green | G4: 0 | H4: 899 | I4: us | J4: 70 | K4: 1.634 | L4: 28 | M4: mww | N4: 171.371 | O4: -38.1911 | P4: -70.3731 | Q4: Loncopué, Argentina | R4: South America | S4: Argentina | T4: =DATE(MID(C4,7,4),MID(C4,4,2),MID(C4,1,2))+TIME(MID(C4,12,2),MID(C4,15,2),0) | U4: =IF(ISNUMBER(VALUE(MID(A4,7,1))),"Distance-prefix pattern","Named-region pattern") | V4: =LOWER(M4) | W4: =IF(COUNTIFS($A$2:$A$1001,A4,$C$2:$C$1001,C4)>1,"Duplicate","Unique") | X4: =YEAR(T4) | Y4: =IF(B4<6.5,"<6.5",IF(B4<7,"6.5–6.9",IF(B4<7.5,"7.0–7.4",IF(B4<8,"7.5–7.9","8.0+")))) | Z4: =IF(F4="","Blank",F4)
A5: M 7.2 - 98 km S of Sand Point, Alaska | B5: 7.2 | C5: 16/07/2023 06:48 | D5: 6 | E5: 6 | F5: green | G5: 1 | H5: 860 | I5: us | J5: 173 | K5: 0.907 | L5: 36 | M5: mww | N5: 32.571 | O5: 54.3844 | P5: -160.699 | Q5: Sand Point, Alaska | T5: =DATE(MID(C5,7,4),MID(C5,4,2),MID(C5,1,2))+TIME(MID(C5,12,2),MID(C5,15,2),0) | U5: =IF(ISNUMBER(VALUE(MID(A5,7,1))),"Distance-prefix pattern","Named-region pattern") | V5: =LOWER(M5) | W5: =IF(COUNTIFS($A$2:$A$1001,A5,$C$2:$C$1001,C5)>1,"Duplicate","Unique") | X5: =YEAR(T5) | Y5: =IF(B5<6.5,"<6.5",IF(B5<7,"6.5–6.9",IF(B5<7.5,"7.0–7.4",IF(B5<8,"7.5–7.9","8.0+")))) | Z5: =IF(F5="","Blank",F5)
A6: M 7.3 - Alaska Peninsula | B6: 7.3 | C6: 16/07/2023 06:48 | D6: 0 | E6: 5 | G6: 1 | H6: 820 | I6: at | J6: 79 | K6: 0.879451 | L6: 172.8 | M6: Mi | N6: 21 | O6: 54.49 | P6: -160.796 | Q6: Alaska Peninsula | T6: =DATE(MID(C6,7,4),MID(C6,4,2),MID(C6,1,2))+TIME(MID(C6,12,2),MID(C6,15,2),0) | U6: =IF(ISNUMBER(VALUE(MID(A6,7,1))),"Distance-prefix pattern","Named-region pattern") | V6: =LOWER(M6) | W6: =IF(COUNTIFS($A$2:$A$1001,A6,$C$2:$C$1001,C6)>1,"Duplicate","Unique") | X6: =YEAR(T6) | Y6: =IF(B6<6.5,"<6.5",IF(B6<7,"6.5–6.9",IF(B6<7.5,"7.0–7.4",IF(B6<8,"7.5–7.9","8.0+")))) | Z6: =IF(F6="","Blank",F6)
A7: M 6.6 - 277 km NNE of Codrington, Antigua and Barbuda | B7: 6.6 | C7: 10/07/2023 20:28 | D7: 5 | E7: 4 | F7: green | G7: 1 | H7: 802 | I7: us | J7: 95 | K7: 2.454 | L7: 37 | M7: mww | N7: 10 | O7: 20.0196 | P7: -61.0955 | Q7: Codrington, Antigua and Barbuda | T7: =DATE(MID(C7,7,4),MID(C7,4,2),MID(C7,1,2))+TIME(MID(C7,12,2),MID(C7,15,2),0) | U7: =IF(ISNUMBER(VALUE(MID(A7,7,1))),"Distance-prefix pattern","Named-region pattern") | V7: =LOWER(M7) | W7: =IF(COUNTIFS($A$2:$A$1001,A7,$C$2:$C$1001,C7)>1,"Duplicate","Unique") | X7: =YEAR(T7) | Y7: =IF(B7<6.5,"<6.5",IF(B7<7,"6.5–6.9",IF(B7<7.5,"7.0–7.4",IF(B7<8,"7.5–7.9","8.0+")))) | Z7: =IF(F7="","Blank",F7)
A8: M 6.9 - Tonga | B8: 6.9 | C8: 02/07/2023 10:27 | D8: 4 | E8: 4 | F8: green | G8: 1 | H8: 741 | I8: us | J8: 136 | K8: 1.179 | L8: 23 | M8: mww | N8: 229 | O8: -17.853 | P8: -174.937 | Q8: Tonga | T8: =DATE(MID(C8,7,4),MID(C8,4,2),MID(C8,1,2))+TIME(MID(C8,12,2),MID(C8,15,2),0) | U8: =IF(ISNUMBER(VALUE(MID(A8,7,1))),"Distance-prefix pattern","Named-region pattern") | V8: =LOWER(M8) | W8: =IF(COUNTIFS($A$2:$A$1001,A8,$C$2:$C$1001,C8)>1,"Duplicate","Unique") | X8: =YEAR(T8) | Y8: =IF(B8<6.5,"<6.5",IF(B8<7,"6.5–6.9",IF(B8<7.5,"7.0–7.4",IF(B8<8,"7.5–7.9","8.0+")))) | Z8: =IF(F8="","Blank",F8)
A9: M 7.2 - south of the Fiji Islands | B9: 7.2 | C9: 15/06/2023 18:06 | D9: 8 | E9: 6 | F9: green | G9: 1 | H9: 804 | I9: us | J9: 85 | K9: 2.59 | L9: 24 | M9: mww | N9: 167.404 | O9: -22.9824 | P9: -177.208 | Q9: the Fiji Islands | T9: =DATE(MID(C9,7,4),MID(C9,4,2),MID(C9,1,2))+TIME(MID(C9,12,2),MID(C9,15,2),0) | U9: =IF(ISNUMBER(VALUE(MID(A9,7,1))),"Distance-prefix pattern","Named-region pattern") | V9: =LOWER(M9) | W9: =IF(COUNTIFS($A$2:$A$1001,A9,$C$2:$C$1001,C9)>1,"Duplicate","Unique") | X9: =YEAR(T9) | Y9: =IF(B9<6.5,"<6.5",IF(B9<7,"6.5–6.9",IF(B9<7.5,"7.0–7.4",IF(B9<8,"7.5–7.9","8.0+")))) | Z9: =IF(F9="","Blank",F9)
A10: M 6.6 - Panama-Colombia border region | B10: 6.6 | C10: 25/05/2023 03:05 | D10: 6 | E10: 6 | F10: green | G10: 1 | H10: 733 | I10: us | J10: 50 | K10: 2.163 | L10: 129 | M10: mww | N10: 10 | O10: 8.8894 | P10: -77.1231 | Q10: Panama-Colombia border region | S10: Colombia | T10: =DATE(MID(C10,7,4),MID(C10,4,2),MID(C10,1,2))+TIME(MID(C10,12,2),MID(C10,15,2),0) | U10: =IF(ISNUMBER(VALUE(MID(A10,7,1))),"Distance-prefix pattern","Named-region pattern") | V10: =LOWER(M10) | W10: =IF(COUNTIFS($A$2:$A$1001,A10,$C$2:$C$1001,C10)>1,"Duplicate","Unique") | X10: =YEAR(T10) | Y10: =IF(B10<6.5,"<6.5",IF(B10<7,"6.5–6.9",IF(B10<7.5,"7.0–7.4",IF(B10<8,"7.5–7.9","8.0+")))) | Z10: =IF(F10="","Blank",F10)
A11: M 7.1 - southeast of the Loyalty Islands | B11: 7.1 | C11: 20/05/2023 01:51 | D11: 3 | E11: 4 | F11: green | G11: 1 | H11: 777 | I11: us | J11: 98 | K11: 2.812 | L11: 56 | M11: mww | N11: 35.981 | O11: -23.0622 | P11: 170.456 | Q11: the Loyalty Islands | T11: =DATE(MID(C11,7,4),MID(C11,4,2),MID(C11,1,2))+TIME(MID(C11,12,2),MID(C11,15,2),0) | U11: =IF(ISNUMBER(VALUE(MID(A11,7,1))),"Distance-prefix pattern","Named-region pattern") | V11: =LOWER(M11) | W11: =IF(COUNTIFS($A$2:$A$1001,A11,$C$2:$C$1001,C11)>1,"Duplicate","Unique") | X11: =YEAR(T11) | Y11: =IF(B11<6.5,"<6.5",IF(B11<7,"6.5–6.9",IF(B11<7.5,"7.0–7.4",IF(B11<8,"7.5–7.9","8.0+")))) | Z11: =IF(F11="","Blank",F11)
A12: M 7.7 - southeast of the Loyalty Islands | B12: 7.7 | C12: 19/05/2023 02:57 | D12: 5 | E12: 4 | F12: green | G12: 1 | H12: 927 | I12: us | J12: 277 | K12: 3.111 | L12: 15 | M12: mww | N12: 18.027 | O12: -23.2286 | P12: 170.694 | Q12: the Loyalty Islands | T12: =DATE(MID(C12,7,4),MID(C12,4,2),MID(C12,1,2))+TIME(MID(C12,12,2),MID(C12,15,2),0) | U12: =IF(ISNUMBER(VALUE(MID(A12,7,1))),"Distance-prefix pattern","Named-region pattern") | V12: =LOWER(M12) | W12: =IF(COUNTIFS($A$2:$A$1001,A12,$C$2:$C$1001,C12)>1,"Duplicate","Unique") | X12: =YEAR(T12) | Y12: =IF(B12<6.5,"<6.5",IF(B12<7,"6.5–6.9",IF(B12<7.5,"7.0–7.4",IF(B12<8,"7.5–7.9","8.0+")))) | Z12: =IF(F12="","Blank",F12)
A13: M 7.6 - 95 km WNW of Hihifo, Tonga | B13: 7.6 | C13: 10/05/2023 16:02 | D13: 8 | E13: 6 | F13: green | G13: 1 | H13: 907 | I13: us | J13: 111 | K13: 3.631 | L13: 17 | M13: mww | N13: 210.097 | O13: -15.6002 | P13: -174.608 | Q13: Hihifo, Tonga | T13: =DATE(MID(C13,7,4),MID(C13,4,2),MID(C13,1,2))+TIME(MID(C13,12,2),MID(C13,15,2),0) | U13: =IF(ISNUMBER(VALUE(MID(A13,7,1))),"Distance-prefix pattern","Named-region pattern") | V13: =LOWER(M13) | W13: =IF(COUNTIFS($A$2:$A$1001,A13,$C$2:$C$1001,C13)>1,"Duplicate","Unique") | X13: =YEAR(T13) | Y13: =IF(B13<6.5,"<6.5",IF(B13<7,"6.5–6.9",IF(B13<7.5,"7.0–7.4",IF(B13<8,"7.5–7.9","8.0+")))) | Z13: =IF(F13="","Blank",F13)
A14: M 6.6 - south of the Fiji Islands | B14: 6.6 | C14: 28/04/2023 03:13 | D14: 0 | E14: 2 | F14: green | G14: 0 | H14: 670 | I14: us | J14: 52 | K14: 5.123 | L14: 50 | M14: mww | N14: 598.467 | O14: -25.2657 | P14: 178.424 | Q14: the Fiji Islands | T14: =DATE(MID(C14,7,4),MID(C14,4,2),MID(C14,1,2))+TIME(MID(C14,12,2),MID(C14,15,2),0) | U14: =IF(ISNUMBER(VALUE(MID(A14,7,1))),"Distance-prefix pattern","Named-region pattern") | V14: =LOWER(M14) | W14: =IF(COUNTIFS($A$2:$A$1001,A14,$C$2:$C$1001,C14)>1,"Duplicate","Unique") | X14: =YEAR(T14) | Y14: =IF(B14<6.5,"<6.5",IF(B14<7,"6.5–6.9",IF(B14<7.5,"7.0–7.4",IF(B14<8,"7.5–7.9","8.0+")))) | Z14: =IF(F14="","Blank",F14)
A15: M 7.1 - 170 km SSE of Teluk Dalam, Indonesia | B15: 7.1 | C15: 24/04/2023 20:00 | D15: 9 | E15: 7 | F15: green | G15: 0 | H15: 838 | I15: us | J15: 70 | K15: 2.282 | L15: 58 | M15: mww | N15: 15.462 | O15: -0.781 | P15: 98.5339 | Q15: Teluk Dalam, Indonesia | S15: Indonesia | T15: =DATE(MID(C15,7,4),MID(C15,4,2),MID(C15,1,2))+TIME(MID(C15,12,2),MID(C15,15,2),0) | U15: =IF(ISNUMBER(VALUE(MID(A15,7,1))),"Distance-prefix pattern","Named-region pattern") | V15: =LOWER(M15) | W15: =IF(COUNTIFS($A$2:$A$1001,A15,$C$2:$C$1001,C15)>1,"Duplicate","Unique") | X15: =YEAR(T15) | Y15: =IF(B15<6.5,"<6.5",IF(B15<7,"6.5–6.9",IF(B15<7.5,"7.0–7.4",IF(B15<8,"7.5–7.9","8.0+")))) | Z15: =IF(F15="","Blank",F15)
A16: M 7.1 - Kermadec Islands, New Zealand | B16: 7.1 | C16: 24/04/2023 00:41 | D16: 8 | E16: 7 | F16: green | G16: 1 | H16: 777 | I16: us | J16: 126 | K16: 0.708 | L16: 23 | M16: mww | N16: 43.063 | O16: -30.0249 | P16: -177.897 | Q16: Kermadec Islands, New Zealand | T16: =DATE(MID(C16,7,4),MID(C16,4,2),MID(C16,1,2))+TIME(MID(C16,12,2),MID(C16,15,2),0) | U16: =IF(ISNUMBER(VALUE(MID(A16,7,1))),"Distance-prefix pattern","Named-region pattern") | V16: =LOWER(M16) | W16: =IF(COUNTIFS($A$2:$A$1001,A16,$C$2:$C$1001,C16)>1,"Duplicate","Unique") | X16: =YEAR(T16) | Y16: =IF(B16<6.5,"<6.5",IF(B16<7,"6.5–6.9",IF(B16<7.5,"7.0–7.4",IF(B16<8,"7.5–7.9","8.0+")))) | Z16: =IF(F16="","Blank",F16)
A17: M 6.7 - south of the Fiji Islands | B17: 6.7 | C17: 18/04/2023 04:31 | D17: 0 | E17: 3 | F17: green | G17: 1 | H17: 691 | I17: us | J17: 166 | K17: 4.719 | L17: 10 | M17: mww | N17: 595.854 | O17: -22.2844 | P17: 179.391 | Q17: the Fiji Islands | T17: =DATE(MID(C17,7,4),MID(C17,4,2),MID(C17,1,2))+TIME(MID(C17,12,2),MID(C17,15,2),0) | U17: =IF(ISNUMBER(VALUE(MID(A17,7,1))),"Distance-prefix pattern","Named-region pattern") | V17: =LOWER(M17) | W17: =IF(COUNTIFS($A$2:$A$1001,A17,$C$2:$C$1001,C17)>1,"Duplicate","Unique") | X17: =YEAR(T17) | Y17: =IF(B17<6.5,"<6.5",IF(B17<7,"6.5–6.9",IF(B17<7.5,"7.0–7.4",IF(B17<8,"7.5–7.9","8.0+")))) | Z17: =IF(F17="","Blank",F17)
A18: M 7.0 - 96 km N of Tuban, Indonesia | B18: 7 | C18: 14/04/2023 09:55 | D18: 5 | E18: 3 | F18: green | G18: 0 | H18: 818 | I18: us | J18: 131 | K18: 1.881 | L18: 31 | M18: mww | N18: 594.028 | O18: -6.0255 | P18: 112.033 | Q18: Tuban, Indonesia | S18: Indonesia | T18: =DATE(MID(C18,7,4),MID(C18,4,2),MID(C18,1,2))+TIME(MID(C18,12,2),MID(C18,15,2),0) | U18: =IF(ISNUMBER(VALUE(MID(A18,7,1))),"Distance-prefix pattern","Named-region pattern") | V18: =LOWER(M18) | W18: =IF(COUNTIFS($A$2:$A$1001,A18,$C$2:$C$1001,C18)>1,"Duplicate","Unique") | X18: =YEAR(T18) | Y18: =IF(B18<6.5,"<6.5",IF(B18<7,"6.5–6.9",IF(B18<7.5,"7.0–7.4",IF(B18<8,"7.5–7.9","8.0+")))) | Z18: =IF(F18="","Blank",F18)
A19: M 6.5 - near the east coast of the Kamchatka Peninsula, Russia | B19: 6.5 | C19: 03/04/2023 03:06 | D19: 7 | E19: 6 | F19: yellow | G19: 1 | H19: 655 | I19: us | J19: 104 | K19: 0.266 | L19: 30 | M19: mww | N19: 105.631 | O19: 52.7772 | P19: 158.484 | Q19: the Kamchatka Peninsula, Russia | R19: Asia | S19: Russian Federation (the) | T19: =DATE(MID(C19,7,4),MID(C19,4,2),MID(C19,1,2))+TIME(MID(C19,12,2),MID(C19,15,2),0) | U19: =IF(ISNUMBER(VALUE(MID(A19,7,1))),"Distance-prefix pattern","Named-region pattern") | V19: =LOWER(M19) | W19: =IF(COUNTIFS($A$2:$A$1001,A19,$C$2:$C$1001,C19)>1,"Duplicate","Unique") | X19: =YEAR(T19) | Y19: =IF(B19<6.5,"<6.5",IF(B19<7,"6.5–6.9",IF(B19<7.5,"7.0–7.4",IF(B19<8,"7.5–7.9","8.0+")))) | Z19: =IF(F19="","Blank",F19)
A20: M 7.0 - New Guinea, Papua New Guinea | B20: 7 | C20: 02/04/2023 18:04 | D20: 7 | E20: 7 | F20: green | G20: 1 | H20: 781 | I20: us | J20: 105 | K20: 6.45 | L20: 31 | M20: mww | N20: 62.603 | O20: -4.2924 | P20: 143.155 | Q20: New Guinea, Papua New Guinea | R20: Asia | S20: Papua New Guinea | T20: =DATE(MID(C20,7,4),MID(C20,4,2),MID(C20,1,2))+TIME(MID(C20,12,2),MID(C20,15,2),0) | U20: =IF(ISNUMBER(VALUE(MID(A20,7,1))),"Distance-prefix pattern","Named-region pattern") | V20: =LOWER(M20) | W20: =IF(COUNTIFS($A$2:$A$1001,A20,$C$2:$C$1001,C20)>1,"Duplicate","Unique") | X20: =YEAR(T20) | Y20: =IF(B20<6.5,"<6.5",IF(B20<7,"6.5–6.9",IF(B20<7.5,"7.0–7.4",IF(B20<8,"7.5–7.9","8.0+")))) | Z20: =IF(F20="","Blank",F20)
A21: M 6.5 - 84 km NNW of San Antonio de los Cobres, Argentina | B21: 6.5 | C21: 22/03/2023 16:00 | D21: 4 | E21: 4 | F21: green | G21: 0 | H21: 656 | I21: us | J21: 97 | K21: 1.622 | L21: 33 | M21: mww | N21: 209.976 | O21: -23.4797 | P21: -66.5108 | Q21: San Antonio de los Cobres, Argentina | R21: South America | S21: Argentina | T21: =DATE(MID(C21,7,4),MID(C21,4,2),MID(C21,1,2))+TIME(MID(C21,12,2),MID(C21,15,2),0) | U21: =IF(ISNUMBER(VALUE(MID(A21,7,1))),"Distance-prefix pattern","Named-region pattern") | V21: =LOWER(M21) | W21: =IF(COUNTIFS($A$2:$A$1001,A21,$C$2:$C$1001,C21)>1,"Duplicate","Unique") | X21: =YEAR(T21) | Y21: =IF(B21<6.5,"<6.5",IF(B21<7,"6.5–6.9",IF(B21<7.5,"7.0–7.4",IF(B21<8,"7.5–7.9","8.0+")))) | Z21: =IF(F21="","Blank",F21)
A22: M 6.5 - 40 km SSE of Jurm, Afghanistan | B22: 6.5 | C22: 21/03/2023 16:47 | D22: 7 | E22: 5 | F22: green | G22: 0 | H22: 1350 | I22: us | J22: 134 | K22: 2.53 | L22: 13 | M22: mww | N22: 187.589 | O22: 36.5227 | P22: 70.9787 | Q22: Jurm, Afghanistan | R22: Asia | S22: Afghanistan | T22: =DATE(MID(C22,7,4),MID(C22,4,2),MID(C22,1,2))+TIME(MID(C22,12,2),MID(C22,15,2),0) | U22: =IF(ISNUMBER(VALUE(MID(A22,7,1))),"Distance-prefix pattern","Named-region pattern") | V22: =LOWER(M22) | W22: =IF(COUNTIFS($A$2:$A$1001,A22,$C$2:$C$1001,C22)>1,"Duplicate","Unique") | X22: =YEAR(T22) | Y22: =IF(B22<6.5,"<6.5",IF(B22<7,"6.5–6.9",IF(B22<7.5,"7.0–7.4",IF(B22<8,"7.5–7.9","8.0+")))) | Z22: =IF(F22="","Blank",F22)
A23: M 6.8 - near the coast of Ecuador | B23: 6.8 | C23: 18/03/2023 17:12 | D23: 9 | E23: 7 | F23: orange | G23: 1 | H23: 1159 | I23: us | J23: 152 | K23: 0.709 | L23: 28 | M23: mww | N23: 65.842 | O23: -2.851 | P23: -79.8001 | Q23: Ecuador | R23: South America | S23: Ecuador | T23: =DATE(MID(C23,7,4),MID(C23,4,2),MID(C23,1,2))+TIME(MID(C23,12,2),MID(C23,15,2),0) | U23: =IF(ISNUMBER(VALUE(MID(A23,7,1))),"Distance-prefix pattern","Named-region pattern") | V23: =LOWER(M23) | W23: =IF(COUNTIFS($A$2:$A$1001,A23,$C$2:$C$1001,C23)>1,"Duplicate","Unique") | X23: =YEAR(T23) | Y23: =IF(B23<6.5,"<6.5",IF(B23<7,"6.5–6.9",IF(B23<7.5,"7.0–7.4",IF(B23<8,"7.5–7.9","8.0+")))) | Z23: =IF(F23="","Blank",F23)
A24: M 7.0 - Kermadec Islands region | B24: 7 | C24: 16/03/2023 00:56 | D24: 8 | E24: 5 | F24: green | G24: 1 | H24: 756 | I24: us | J24: 116 | K24: 1.789 | L24: 22 | M24: mww | N24: 22.065 | O24: -30.1147 | P24: -176.112 | Q24: Kermadec Islands region | T24: =DATE(MID(C24,7,4),MID(C24,4,2),MID(C24,1,2))+TIME(MID(C24,12,2),MID(C24,15,2),0) | U24: =IF(ISNUMBER(VALUE(MID(A24,7,1))),"Distance-prefix pattern","Named-region pattern") | V24: =LOWER(M24) | W24: =IF(COUNTIFS($A$2:$A$1001,A24,$C$2:$C$1001,C24)>1,"Duplicate","Unique") | X24: =YEAR(T24) | Y24: =IF(B24<6.5,"<6.5",IF(B24<7,"6.5–6.9",IF(B24<7.5,"7.0–7.4",IF(B24<8,"7.5–7.9","8.0+")))) | Z24: =IF(F24="","Blank",F24)
A25: M 6.9 - Kermadec Islands, New Zealand | B25: 6.9 | C25: 04/03/2023 06:41 | D25: 5 | E25: 5 | F25: green | G25: 1 | H25: 735 | I25: us | J25: 108 | K25: 0.784 | L25: 18 | M25: mww | N25: 205.681 | O25: -29.4748 | P25: -178.787 | Q25: Kermadec Islands, New Zealand | T25: =DATE(MID(C25,7,4),MID(C25,4,2),MID(C25,1,2))+TIME(MID(C25,12,2),MID(C25,15,2),0) | U25: =IF(ISNUMBER(VALUE(MID(A25,7,1))),"Distance-prefix pattern","Named-region pattern") | V25: =LOWER(M25) | W25: =IF(COUNTIFS($A$2:$A$1001,A25,$C$2:$C$1001,C25)>1,"Duplicate","Unique") | X25: =YEAR(T25) | Y25: =IF(B25<6.5,"<6.5",IF(B25<7,"6.5–6.9",IF(B25<7.5,"7.0–7.4",IF(B25<8,"7.5–7.9","8.0+")))) | Z25: =IF(F25="","Blank",F25)
A26: M 6.5 - 86 km WSW of Port-Olry, Vanuatu | B26: 6.5 | C26: 02/03/2023 18:04 | D26: 7 | E26: 6 | F26: green | G26: 1 | H26: 653 | I26: us | J26: 66 | K26: 5.483 | L26: 45 | M26: mww | N26: 10 | O26: -15.3597 | P26: 166.385 | Q26: Port-Olry, Vanuatu | T26: =DATE(MID(C26,7,4),MID(C26,4,2),MID(C26,1,2))+TIME(MID(C26,12,2),MID(C26,15,2),0) | U26: =IF(ISNUMBER(VALUE(MID(A26,7,1))),"Distance-prefix pattern","Named-region pattern") | V26: =LOWER(M26) | W26: =IF(COUNTIFS($A$2:$A$1001,A26,$C$2:$C$1001,C26)>1,"Duplicate","Unique") | X26: =YEAR(T26) | Y26: =IF(B26<6.5,"<6.5",IF(B26<7,"6.5–6.9",IF(B26<7.5,"7.0–7.4",IF(B26<8,"7.5–7.9","8.0+")))) | Z26: =IF(F26="","Blank",F26)
A27: M 6.5 - 108 km NW of Kimbe, Papua New Guinea | B27: 6.5 | C27: 01/03/2023 05:36 | D27: 4 | E27: 2 | F27: green | G27: 1 | H27: 652 | I27: us | J27: 115 | K27: 2.739 | L27: 20 | M27: mww | N27: 598.925 | O27: -4.8138 | P27: 149.487 | Q27: Kimbe, Papua New Guinea | S27: Papua New Guinea | T27: =DATE(MID(C27,7,4),MID(C27,4,2),MID(C27,1,2))+TIME(MID(C27,12,2),MID(C27,15,2),0) | U27: =IF(ISNUMBER(VALUE(MID(A27,7,1))),"Distance-prefix pattern","Named-region pattern") | V27: =LOWER(M27) | W27: =IF(COUNTIFS($A$2:$A$1001,A27,$C$2:$C$1001,C27)>1,"Duplicate","Unique") | X27: =YEAR(T27) | Y27: =IF(B27<6.5,"<6.5",IF(B27<7,"6.5–6.9",IF(B27<7.5,"7.0–7.4",IF(B27<8,"7.5–7.9","8.0+")))) | Z27: =IF(F27="","Blank",F27)
A28: M 6.8 - 67 km W of Murghob, Tajikistan | B28: 6.8 | C28: 23/02/2023 00:37 | D28: 9 | E28: 7 | F28: green | G28: 0 | H28: 737 | I28: us | J28: 128 | K28: 1.783 | L28: 20 | M28: mww | N28: 20.522 | O28: 38.0726 | P28: 73.2077 | Q28: Murghob, Tajikistan | R28: Asia | S28: Tajikistan | T28: =DATE(MID(C28,7,4),MID(C28,4,2),MID(C28,1,2))+TIME(MID(C28,12,2),MID(C28,15,2),0) | U28: =IF(ISNUMBER(VALUE(MID(A28,7,1))),"Distance-prefix pattern","Named-region pattern") | V28: =LOWER(M28) | W28: =IF(COUNTIFS($A$2:$A$1001,A28,$C$2:$C$1001,C28)>1,"Duplicate","Unique") | X28: =YEAR(T28) | Y28: =IF(B28<6.5,"<6.5",IF(B28<7,"6.5–6.9",IF(B28<7.5,"7.0–7.4",IF(B28<8,"7.5–7.9","8.0+")))) | Z28: =IF(F28="","Blank",F28)
A29: M 7.5 - 4 km SSE of Ekinözü, Turkey | B29: 7.5 | C29: 06/02/2023 10:24 | D29: 9 | E29: 9 | F29: orange | G29: 0 | H29: 1411 | I29: us | J29: 135 | K29: 0.85 | L29: 17 | M29: mww | N29: 10 | O29: 38.0235 | P29: 37.203 | Q29: Ekinözü, Turkey | R29: Asia | S29: Turkiye | T29: =DATE(MID(C29,7,4),MID(C29,4,2),MID(C29,1,2))+TIME(MID(C29,12,2),MID(C29,15,2),0) | U29: =IF(ISNUMBER(VALUE(MID(A29,7,1))),"Distance-prefix pattern","Named-region pattern") | V29: =LOWER(M29) | W29: =IF(COUNTIFS($A$2:$A$1001,A29,$C$2:$C$1001,C29)>1,"Duplicate","Unique") | X29: =YEAR(T29) | Y29: =IF(B29<6.5,"<6.5",IF(B29<7,"6.5–6.9",IF(B29<7.5,"7.0–7.4",IF(B29<8,"7.5–7.9","8.0+")))) | Z29: =IF(F29="","Blank",F29)
A30: M 6.7 - 18 km ESE of Nurdağı, Turkey | B30: 6.7 | C30: 06/02/2023 01:28 | D30: 9 | E30: 8 | F30: yellow | G30: 0 | H30: 800 | I30: us | J30: 108 | K30: 0.218 | L30: 44 | M30: mww | N30: 14.497 | O30: 37.4135 | P30: 36.8306 | Q30: Nurdağı, Turkey | R30: Asia | S30: Turkiye | T30: =DATE(MID(C30,7,4),MID(C30,4,2),MID(C30,1,2))+TIME(MID(C30,12,2),MID(C30,15,2),0) | U30: =IF(ISNUMBER(VALUE(MID(A30,7,1))),"Distance-prefix pattern","Named-region pattern") | V30: =LOWER(M30) | W30: =IF(COUNTIFS($A$2:$A$1001,A30,$C$2:$C$1001,C30)>1,"Duplicate","Unique") | X30: =YEAR(T30) | Y30: =IF(B30<6.5,"<6.5",IF(B30<7,"6.5–6.9",IF(B30<7.5,"7.0–7.4",IF(B30<8,"7.5–7.9","8.0+")))) | Z30: =IF(F30="","Blank",F30)
A31: M 7.8 - Central Turkey | B31: 7.8 | C31: 06/02/2023 01:17 | D31: 9 | E31: 9 | F31: red | G31: 0 | H31: 2910 | I31: us | J31: 118 | K31: 1.919 | L31: 32 | M31: mww | N31: 17.925 | O31: 37.2012 | P31: 36.9997 | Q31: Central Turkey | R31: Asia | S31: Turkiye | T31: =DATE(MID(C31,7,4),MID(C31,4,2),MID(C31,1,2))+TIME(MID(C31,12,2),MID(C31,15,2),0) | U31: =IF(ISNUMBER(VALUE(MID(A31,7,1))),"Distance-prefix pattern","Named-region pattern") | V31: =LOWER(M31) | W31: =IF(COUNTIFS($A$2:$A$1001,A31,$C$2:$C$1001,C31)>1,"Duplicate","Unique") | X31: =YEAR(T31) | Y31: =IF(B31<6.5,"<6.5",IF(B31<7,"6.5–6.9",IF(B31<7.5,"7.0–7.4",IF(B31<8,"7.5–7.9","8.0+")))) | Z31: =IF(F31="","Blank",F31)
A32: M 6.8 - | B32: 6.8 | C32: 20/01/2023 22:09 | D32: 4 | E32: 3 | F32: green | G32: 0 | H32: 718 | I32: us | J32: 60 | K32: 5.129 | L32: 61 | M32: mww | N32: 610.671 | O32: -26.7209 | P32: -63.0394 | R32: South America | S32: Argentina | T32: =DATE(MID(C32,7,4),MID(C32,4,2),MID(C32,1,2))+TIME(MID(C32,12,2),MID(C32,15,2),0) | U32: =IF(ISNUMBER(VALUE(MID(A32,7,1))),"Distance-prefix pattern","Named-region pattern") | V32: =LOWER(M32) | W32: =IF(COUNTIFS($A$2:$A$1001,A32,$C$2:$C$1001,C32)>1,"Duplicate","Unique") | X32: =YEAR(T32) | Y32: =IF(B32<6.5,"<6.5",IF(B32<7,"6.5–6.9",IF(B32<7.5,"7.0–7.4",IF(B32<8,"7.5–7.9","8.0+")))) | Z32: =IF(F32="","Blank",F32)
A33: M 7.0 - 153 km NW of Tobelo, Indonesia | B33: 7 | C33: 18/01/2023 06:06 | D33: 3 | E33: 5 | F33: green | G33: 1 | H33: 756 | I33: us | J33: 130 | K33: 1.974 | L33: 17 | M33: mwc | N33: 28.566 | O33: 2.7401 | P33: 127.051 | Q33: Tobelo, Indonesia | S33: Indonesia | T33: =DATE(MID(C33,7,4),MID(C33,4,2),MID(C33,1,2))+TIME(MID(C33,12,2),MID(C33,15,2),0) | U33: =IF(ISNUMBER(VALUE(MID(A33,7,1))),"Distance-prefix pattern","Named-region pattern") | V33: =LOWER(M33) | W33: =IF(COUNTIFS($A$2:$A$1001,A33,$C$2:$C$1001,C33)>1,"Duplicate","Unique") | X33: =YEAR(T33) | Y33: =IF(B33<6.5,"<6.5",IF(B33<7,"6.5–6.9",IF(B33<7.5,"7.0–7.4",IF(B33<8,"7.5–7.9","8.0+")))) | Z33: =IF(F33="","Blank",F33)
A34: M 7.6 - Pulau Pulau Tanimbar, Indonesia | B34: 7.6 | C34: 09/01/2023 17:47 | D34: 5 | E34: 7 | F34: green | G34: 0 | H34: 957 | I34: us | J34: 114 | K34: 1.575 | L34: 21 | M34: mww | N34: 105.249 | O34: -7.0852 | P34: 130.039 | Q34: Pulau Pulau Tanimbar, Indonesia | S34: Indonesia | T34: =DATE(MID(C34,7,4),MID(C34,4,2),MID(C34,1,2))+TIME(MID(C34,12,2),MID(C34,15,2),0) | U34: =IF(ISNUMBER(VALUE(MID(A34,7,1))),"Distance-prefix pattern","Named-region pattern") | V34: =LOWER(M34) | W34: =IF(COUNTIFS($A$2:$A$1001,A34,$C$2:$C$1001,C34)>1,"Duplicate","Unique") | X34: =YEAR(T34) | Y34: =IF(B34<6.5,"<6.5",IF(B34<7,"6.5–6.9",IF(B34<7.5,"7.0–7.4",IF(B34<8,"7.5–7.9","8.0+")))) | Z34: =IF(F34="","Blank",F34)
A35: M 7.0 - Vanuatu | B35: 7 | C35: 08/01/2023 12:32 | D35: 8 | E35: 7 | F35: green | G35: 1 | H35: 768 | I35: us | J35: 116 | K35: 6.096 | L35: 36 | M35: mww | N35: 29 | O35: -14.9383 | P35: 166.878 | Q35: Vanuatu | S35: Vanuatu | T35: =DATE(MID(C35,7,4),MID(C35,4,2),MID(C35,1,2))+TIME(MID(C35,12,2),MID(C35,15,2),0) | U35: =IF(ISNUMBER(VALUE(MID(A35,7,1))),"Distance-prefix pattern","Named-region pattern") | V35: =LOWER(M35) | W35: =IF(COUNTIFS($A$2:$A$1001,A35,$C$2:$C$1001,C35)>1,"Duplicate","Unique") | X35: =YEAR(T35) | Y35: =IF(B35<6.5,"<6.5",IF(B35<7,"6.5–6.9",IF(B35<7.5,"7.0–7.4",IF(B35<8,"7.5–7.9","8.0+")))) | Z35: =IF(F35="","Blank",F35)
A36: M 6.8 - 109 km NE of Hihifo, Tonga | B36: 6.8 | C36: 04/12/2022 19:24 | D36: 5 | E36: 5 | F36: green | G36: 1 | H36: 720 | I36: us | J36: 152 | K36: 2.587 | L36: 26 | M36: mww | N36: 38 | O36: -15.3983 | P36: -172.968 | Q36: Hihifo, Tonga | T36: =DATE(MID(C36,7,4),MID(C36,4,2),MID(C36,1,2))+TIME(MID(C36,12,2),MID(C36,15,2),0) | U36: =IF(ISNUMBER(VALUE(MID(A36,7,1))),"Distance-prefix pattern","Named-region pattern") | V36: =LOWER(M36) | W36: =IF(COUNTIFS($A$2:$A$1001,A36,$C$2:$C$1001,C36)>1,"Duplicate","Unique") | X36: =YEAR(T36) | Y36: =IF(B36<6.5,"<6.5",IF(B36<7,"6.5–6.9",IF(B36<7.5,"7.0–7.4",IF(B36<8,"7.5–7.9","8.0+")))) | Z36: =IF(F36="","Blank",F36)
A37: M 7.0 - 18 km SW of Malango, Solomon Islands | B37: 7 | C37: 22/11/2022 02:03 | D37: 8 | E37: 7 | F37: green | G37: 1 | H37: 768 | I37: us | J37: 117 | K37: 0.509 | L37: 17 | M37: mww | N37: 14 | O37: -9.7963 | P37: 159.596 | Q37: Malango, Solomon Islands | R37: Oceania | S37: Solomon Islands | T37: =DATE(MID(C37,7,4),MID(C37,4,2),MID(C37,1,2))+TIME(MID(C37,12,2),MID(C37,15,2),0) | U37: =IF(ISNUMBER(VALUE(MID(A37,7,1))),"Distance-prefix pattern","Named-region pattern") | V37: =LOWER(M37) | W37: =IF(COUNTIFS($A$2:$A$1001,A37,$C$2:$C$1001,C37)>1,"Duplicate","Unique") | X37: =YEAR(T37) | Y37: =IF(B37<6.5,"<6.5",IF(B37<7,"6.5–6.9",IF(B37<7.5,"7.0–7.4",IF(B37<8,"7.5–7.9","8.0+")))) | Z37: =IF(F37="","Blank",F37)
A38: M 6.9 - 204 km SW of Bengkulu, Indonesia | B38: 6.9 | C38: 18/11/2022 13:37 | D38: 4 | E38: 4 | F38: green | G38: 0 | H38: 735 | I38: us | J38: 99 | K38: 2.229 | L38: 34 | M38: mww | N38: 25 | O38: -4.9559 | P38: 100.738 | Q38: Bengkulu, Indonesia | T38: =DATE(MID(C38,7,4),MID(C38,4,2),MID(C38,1,2))+TIME(MID(C38,12,2),MID(C38,15,2),0) | U38: =IF(ISNUMBER(VALUE(MID(A38,7,1))),"Distance-prefix pattern","Named-region pattern") | V38: =LOWER(M38) | W38: =IF(COUNTIFS($A$2:$A$1001,A38,$C$2:$C$1001,C38)>1,"Duplicate","Unique") | X38: =YEAR(T38) | Y38: =IF(B38<6.5,"<6.5",IF(B38<7,"6.5–6.9",IF(B38<7.5,"7.0–7.4",IF(B38<8,"7.5–7.9","8.0+")))) | Z38: =IF(F38="","Blank",F38)
A39: M 7.0 - | B39: 7 | C39: 12/11/2022 07:09 | D39: 3 | E39: 3 | F39: green | G39: 1 | H39: 755 | I39: us | J39: 147 | K39: 3.125 | L39: 18 | M39: mww | N39: 579 | O39: -20.0508 | P39: -178.346 | R39: Oceania | S39: Fiji | T39: =DATE(MID(C39,7,4),MID(C39,4,2),MID(C39,1,2))+TIME(MID(C39,12,2),MID(C39,15,2),0) | U39: =IF(ISNUMBER(VALUE(MID(A39,7,1))),"Distance-prefix pattern","Named-region pattern") | V39: =LOWER(M39) | W39: =IF(COUNTIFS($A$2:$A$1001,A39,$C$2:$C$1001,C39)>1,"Duplicate","Unique") | X39: =YEAR(T39) | Y39: =IF(B39<6.5,"<6.5",IF(B39<7,"6.5–6.9",IF(B39<7.5,"7.0–7.4",IF(B39<8,"7.5–7.9","8.0+")))) | Z39: =IF(F39="","Blank",F39)
A40: M 7.3 - 205 km ESE of Neiafu, Tonga | B40: 7.3 | C40: 11/11/2022 10:48 | D40: 5 | E40: 5 | F40: green | G40: 1 | H40: 833 | I40: us | J40: 149 | K40: 1.865 | L40: 21 | M40: mww | N40: 37 | O40: -19.2918 | P40: -172.129 | Q40: Neiafu, Tonga | T40: =DATE(MID(C40,7,4),MID(C40,4,2),MID(C40,1,2))+TIME(MID(C40,12,2),MID(C40,15,2),0) | U40: =IF(ISNUMBER(VALUE(MID(A40,7,1))),"Distance-prefix pattern","Named-region pattern") | V40: =LOWER(M40) | W40: =IF(COUNTIFS($A$2:$A$1001,A40,$C$2:$C$1001,C40)>1,"Duplicate","Unique") | X40: =YEAR(T40) | Y40: =IF(B40<6.5,"<6.5",IF(B40<7,"6.5–6.9",IF(B40<7.5,"7.0–7.4",IF(B40<8,"7.5–7.9","8.0+")))) | Z40: =IF(F40="","Blank",F40)
A41: M 6.6 - | B41: 6.6 | C41: 09/11/2022 10:14 | D41: 0 | E41: 2 | F41: green | G41: 1 | H41: 670 | I41: us | J41: 131 | K41: 4.998 | L41: 27 | M41: mww | N41: 624.464 | O41: -25.5948 | P41: 178.278 | T41: =DATE(MID(C41,7,4),MID(C41,4,2),MID(C41,1,2))+TIME(MID(C41,12,2),MID(C41,15,2),0) | U41: =IF(ISNUMBER(VALUE(MID(A41,7,1))),"Distance-prefix pattern","Named-region pattern") | V41: =LOWER(M41) | W41: =IF(COUNTIFS($A$2:$A$1001,A41,$C$2:$C$1001,C41)>1,"Duplicate","Unique") | X41: =YEAR(T41) | Y41: =IF(B41<6.5,"<6.5",IF(B41<7,"6.5–6.9",IF(B41<7.5,"7.0–7.4",IF(B41<8,"7.5–7.9","8.0+")))) | Z41: =IF(F41="","Blank",F41)
A42: M 7.0 - south of the Fiji Islands | B42: 7 | C42: 09/11/2022 09:51 | D42: 4 | E42: 3 | F42: green | G42: 1 | H42: 755 | I42: us | J42: 142 | K42: 4.578 | L42: 26 | M42: mwb | N42: 660 | O42: -26.0442 | P42: 178.381 | Q42: the Fiji Islands | T42: =DATE(MID(C42,7,4),MID(C42,4,2),MID(C42,1,2))+TIME(MID(C42,12,2),MID(C42,15,2),0) | U42: =IF(ISNUMBER(VALUE(MID(A42,7,1))),"Distance-prefix pattern","Named-region pattern") | V42: =LOWER(M42) | W42: =IF(COUNTIFS($A$2:$A$1001,A42,$C$2:$C$1001,C42)>1,"Duplicate","Unique") | X42: =YEAR(T42) | Y42: =IF(B42<6.5,"<6.5",IF(B42<7,"6.5–6.9",IF(B42<7.5,"7.0–7.4",IF(B42<8,"7.5–7.9","8.0+")))) | Z42: =IF(F42="","Blank",F42)
A43: M 6.8 - south of the Fiji Islands | B43: 6.8 | C43: 09/11/2022 09:38 | D43: 1 | E43: 3 | F43: green | G43: 1 | H43: 711 | I43: us | J43: 136 | K43: 4.678 | L43: 22 | M43: mww | N43: 630.379 | O43: -25.9678 | P43: 178.363 | Q43: the Fiji Islands | T43: =DATE(MID(C43,7,4),MID(C43,4,2),MID(C43,1,2))+TIME(MID(C43,12,2),MID(C43,15,2),0) | U43: =IF(ISNUMBER(VALUE(MID(A43,7,1))),"Distance-prefix pattern","Named-region pattern") | V43: =LOWER(M43) | W43: =IF(COUNTIFS($A$2:$A$1001,A43,$C$2:$C$1001,C43)>1,"Duplicate","Unique") | X43: =YEAR(T43) | Y43: =IF(B43<6.5,"<6.5",IF(B43<7,"6.5–6.9",IF(B43<7.5,"7.0–7.4",IF(B43<8,"7.5–7.9","8.0+")))) | Z43: =IF(F43="","Blank",F43)
A44: M 6.7 - 60 km SSW of Boca Chica, Panama | B44: 6.7 | C44: 20/10/2022 11:57 | D44: 7 | E44: 6 | F44: green | G44: 1 | H44: 797 | I44: us | J44: 145 | K44: 1.151 | L44: 37 | M44: mww | N44: 20 | O44: 7.6712 | P44: -82.3396 | Q44: Boca Chica, Panama | S44: Panama | T44: =DATE(MID(C44,7,4),MID(C44,4,2),MID(C44,1,2))+TIME(MID(C44,12,2),MID(C44,15,2),0) | U44: =IF(ISNUMBER(VALUE(MID(A44,7,1))),"Distance-prefix pattern","Named-region pattern") | V44: =LOWER(M44) | W44: =IF(COUNTIFS($A$2:$A$1001,A44,$C$2:$C$1001,C44)>1,"Duplicate","Unique") | X44: =YEAR(T44) | Y44: =IF(B44<6.5,"<6.5",IF(B44<7,"6.5–6.9",IF(B44<7.5,"7.0–7.4",IF(B44<8,"7.5–7.9","8.0+")))) | Z44: =IF(F44="","Blank",F44)
A45: M 6.8 - 55 km SSW of Aguililla, Mexico | B45: 6.8 | C45: 22/09/2022 06:16 | D45: 8 | E45: 7 | F45: yellow | G45: 1 | H45: 1179 | I45: us | J45: 175 | K45: 2.137 | L45: 92 | M45: mww | N45: 20 | O45: 18.33 | P45: -102.913 | Q45: Aguililla, Mexico | R45: North America | S45: Mexico | T45: =DATE(MID(C45,7,4),MID(C45,4,2),MID(C45,1,2))+TIME(MID(C45,12,2),MID(C45,15,2),0) | U45: =IF(ISNUMBER(VALUE(MID(A45,7,1))),"Distance-prefix pattern","Named-region pattern") | V45: =LOWER(M45) | W45: =IF(COUNTIFS($A$2:$A$1001,A45,$C$2:$C$1001,C45)>1,"Duplicate","Unique") | X45: =YEAR(T45) | Y45: =IF(B45<6.5,"<6.5",IF(B45<7,"6.5–6.9",IF(B45<7.5,"7.0–7.4",IF(B45<8,"7.5–7.9","8.0+")))) | Z45: =IF(F45="","Blank",F45)
A46: M 7.6 - 35 km SSW of Aguililla, Mexico | B46: 7.6 | C46: 19/09/2022 18:05 | D46: 9 | E46: 8 | F46: yellow | G46: 1 | H46: 1799 | I46: us | J46: 271 | K46: 1.153 | L46: 69 | M46: mww | N46: 26.943 | O46: 18.3667 | P46: -103.252 | Q46: Aguililla, Mexico | R46: North America | S46: Mexico | T46: =DATE(MID(C46,7,4),MID(C46,4,2),MID(C46,1,2))+TIME(MID(C46,12,2),MID(C46,15,2),0) | U46: =IF(ISNUMBER(VALUE(MID(A46,7,1))),"Distance-prefix pattern","Named-region pattern") | V46: =LOWER(M46) | W46: =IF(COUNTIFS($A$2:$A$1001,A46,$C$2:$C$1001,C46)>1,"Duplicate","Unique") | X46: =YEAR(T46) | Y46: =IF(B46<6.5,"<6.5",IF(B46<7,"6.5–6.9",IF(B46<7.5,"7.0–7.4",IF(B46<8,"7.5–7.9","8.0+")))) | Z46: =IF(F46="","Blank",F46)
A47: M 6.9 - 90 km E of Yujing, Taiwan | B47: 6.9 | C47: 18/09/2022 06:44 | D47: 9 | E47: 9 | F47: yellow | G47: 1 | H47: 887 | I47: us | J47: 215 | K47: 0.401 | L47: 34 | M47: mww | N47: 10 | O47: 23.1444 | P47: 121.307 | Q47: Yujing, Taiwan | R47: Asia | S47: Taiwan | T47: =DATE(MID(C47,7,4),MID(C47,4,2),MID(C47,1,2))+TIME(MID(C47,12,2),MID(C47,15,2),0) | U47: =IF(ISNUMBER(VALUE(MID(A47,7,1))),"Distance-prefix pattern","Named-region pattern") | V47: =LOWER(M47) | W47: =IF(COUNTIFS($A$2:$A$1001,A47,$C$2:$C$1001,C47)>1,"Duplicate","Unique") | X47: =YEAR(T47) | Y47: =IF(B47<6.5,"<6.5",IF(B47<7,"6.5–6.9",IF(B47<7.5,"7.0–7.4",IF(B47<8,"7.5–7.9","8.0+")))) | Z47: =IF(F47="","Blank",F47)
A48: M 6.5 - 96 km SE of Lugu, Taiwan | B48: 6.5 | C48: 17/09/2022 13:41 | D48: 7 | E48: 7 | F48: green | G48: 1 | H48: 756 | I48: us | J48: 178 | K48: 0.43 | L48: 54 | M48: mww | N48: 10 | O48: 23.029 | P48: 121.348 | Q48: Lugu, Taiwan | R48: Asia | S48: Taiwan | T48: =DATE(MID(C48,7,4),MID(C48,4,2),MID(C48,1,2))+TIME(MID(C48,12,2),MID(C48,15,2),0) | U48: =IF(ISNUMBER(VALUE(MID(A48,7,1))),"Distance-prefix pattern","Named-region pattern") | V48: =LOWER(M48) | W48: =IF(COUNTIFS($A$2:$A$1001,A48,$C$2:$C$1001,C48)>1,"Duplicate","Unique") | X48: =YEAR(T48) | Y48: =IF(B48<6.5,"<6.5",IF(B48<7,"6.5–6.9",IF(B48<7.5,"7.0–7.4",IF(B48<8,"7.5–7.9","8.0+")))) | Z48: =IF(F48="","Blank",F48)
A49: M 7.0 - 209 km SSE of Isangel, Vanuatu | B49: 7 | C49: 14/09/2022 11:04 | D49: 7 | E49: 5 | F49: green | G49: 1 | H49: 761 | I49: us | J49: 192 | K49: 2.977 | L49: 45 | M49: mww | N49: 137 | O49: -21.2077 | P49: 170.239 | Q49: Isangel, Vanuatu | T49: =DATE(MID(C49,7,4),MID(C49,4,2),MID(C49,1,2))+TIME(MID(C49,12,2),MID(C49,15,2),0) | U49: =IF(ISNUMBER(VALUE(MID(A49,7,1))),"Distance-prefix pattern","Named-region pattern") | V49: =LOWER(M49) | W49: =IF(COUNTIFS($A$2:$A$1001,A49,$C$2:$C$1001,C49)>1,"Duplicate","Unique") | X49: =YEAR(T49) | Y49: =IF(B49<6.5,"<6.5",IF(B49<7,"6.5–6.9",IF(B49<7.5,"7.0–7.4",IF(B49<8,"7.5–7.9","8.0+")))) | Z49: =IF(F49="","Blank",F49)
A50: M 7.6 - 70 km E of Kainantu, Papua New Guinea | B50: 7.6 | C50: 10/09/2022 23:47 | D50: 8 | E50: 8 | F50: yellow | G50: 1 | H50: 965 | I50: us | J50: 272 | K50: 3.158 | L50: 12 | M50: mww | N50: 116 | O50: -6.2237 | P50: 146.471 | Q50: Kainantu, Papua New Guinea | R50: Oceania | S50: Papua New Guinea | T50: =DATE(MID(C50,7,4),MID(C50,4,2),MID(C50,1,2))+TIME(MID(C50,12,2),MID(C50,15,2),0) | U50: =IF(ISNUMBER(VALUE(MID(A50,7,1))),"Distance-prefix pattern","Named-region pattern") | V50: =LOWER(M50) | W50: =IF(COUNTIFS($A$2:$A$1001,A50,$C$2:$C$1001,C50)>1,"Duplicate","Unique") | X50: =YEAR(T50) | Y50: =IF(B50<6.5,"<6.5",IF(B50<7,"6.5–6.9",IF(B50<7.5,"7.0–7.4",IF(B50<8,"7.5–7.9","8.0+")))) | Z50: =IF(F50="","Blank",F50)
A51: M 6.6 - 44 km SE of Kangding, China | B51: 6.6 | C51: 05/09/2022 04:52 | D51: 9 | E51: 8 | F51: orange | G51: 0 | H51: 1043 | I51: us | J51: 141 | K51: 8.454 | L51: 34 | M51: mww | N51: 12 | O51: 29.7263 | P51: 102.279 | Q51: Kangding, China | R51: Asia | S51: People's Republic of China | T51: =DATE(MID(C51,7,4),MID(C51,4,2),MID(C51,1,2))+TIME(MID(C51,12,2),MID(C51,15,2),0) | U51: =IF(ISNUMBER(VALUE(MID(A51,7,1))),"Distance-prefix pattern","Named-region pattern") | V51: =LOWER(M51) | W51: =IF(COUNTIFS($A$2:$A$1001,A51,$C$2:$C$1001,C51)>1,"Duplicate","Unique") | X51: =YEAR(T51) | Y51: =IF(B51<6.5,"<6.5",IF(B51<7,"6.5–6.9",IF(B51<7.5,"7.0–7.4",IF(B51<8,"7.5–7.9","8.0+")))) | Z51: =IF(F51="","Blank",F51)
A52: M 6.6 - south of the Kermadec Islands | B52: 6.6 | C52: 14/08/2022 13:44 | D52: 7 | E52: 6 | F52: green | G52: 1 | H52: 672 | I52: us | J52: 68 | K52: 5.293 | L52: 34 | M52: mww | N52: 30 | O52: -32.6922 | P52: -178.959 | Q52: the Kermadec Islands | T52: =DATE(MID(C52,7,4),MID(C52,4,2),MID(C52,1,2))+TIME(MID(C52,12,2),MID(C52,15,2),0) | U52: =IF(ISNUMBER(VALUE(MID(A52,7,1))),"Distance-prefix pattern","Named-region pattern") | V52: =LOWER(M52) | W52: =IF(COUNTIFS($A$2:$A$1001,A52,$C$2:$C$1001,C52)>1,"Duplicate","Unique") | X52: =YEAR(T52) | Y52: =IF(B52<6.5,"<6.5",IF(B52<7,"6.5–6.9",IF(B52<7.5,"7.0–7.4",IF(B52<8,"7.5–7.9","8.0+")))) | Z52: =IF(F52="","Blank",F52)
A53: M 7.0 - 11 km NE of Bantay, Philippines | B53: 7 | C53: 27/07/2022 00:43 | D53: 9 | E53: 8 | F53: yellow | G53: 1 | H53: 1351 | I53: us | J53: 152 | K53: 5.276 | L53: 22 | M53: mww | N53: 33.729 | O53: 17.5978 | P53: 120.809 | Q53: Bantay, Philippines | R53: Asia | S53: Philippines | T53: =DATE(MID(C53,7,4),MID(C53,4,2),MID(C53,1,2))+TIME(MID(C53,12,2),MID(C53,15,2),0) | U53: =IF(ISNUMBER(VALUE(MID(A53,7,1))),"Distance-prefix pattern","Named-region pattern") | V53: =LOWER(M53) | W53: =IF(COUNTIFS($A$2:$A$1001,A53,$C$2:$C$1001,C53)>1,"Duplicate","Unique") | X53: =YEAR(T53) | Y53: =IF(B53<6.5,"<6.5",IF(B53<7,"6.5–6.9",IF(B53<7.5,"7.0–7.4",IF(B53<8,"7.5–7.9","8.0+")))) | Z53: =IF(F53="","Blank",F53)
A54: M 6.5 - 107 km SSW of Tarauacá, Brazil | B54: 6.5 | C54: 08/06/2022 00:55 | D54: 3 | E54: 2 | F54: green | G54: 0 | H54: 653 | I54: us | J54: 236 | K54: 1.999 | L54: 31 | M54: mww | N54: 622.73 | O54: -9.0618 | P54: -71.1647 | Q54: Tarauacá, Brazil | R54: South America | S54: Brazil | T54: =DATE(MID(C54,7,4),MID(C54,4,2),MID(C54,1,2))+TIME(MID(C54,12,2),MID(C54,15,2),0) | U54: =IF(ISNUMBER(VALUE(MID(A54,7,1))),"Distance-prefix pattern","Named-region pattern") | V54: =LOWER(M54) | W54: =IF(COUNTIFS($A$2:$A$1001,A54,$C$2:$C$1001,C54)>1,"Duplicate","Unique") | X54: =YEAR(T54) | Y54: =IF(B54<6.5,"<6.5",IF(B54<7,"6.5–6.9",IF(B54<7.5,"7.0–7.4",IF(B54<8,"7.5–7.9","8.0+")))) | Z54: =IF(F54="","Blank",F54)
A55: M 7.2 - 10 km W of Azángaro, Peru | B55: 7.2 | C55: 26/05/2022 12:02 | D55: 7 | E55: 5 | F55: green | G55: 1 | H55: 876 | I55: us | J55: 144 | K55: 2.494 | L55: 40 | M55: mww | N55: 236 | O55: -14.8628 | P55: -70.3081 | Q55: Azángaro, Peru | R55: South America | S55: Peru | T55: =DATE(MID(C55,7,4),MID(C55,4,2),MID(C55,1,2))+TIME(MID(C55,12,2),MID(C55,15,2),0) | U55: =IF(ISNUMBER(VALUE(MID(A55,7,1))),"Distance-prefix pattern","Named-region pattern") | V55: =LOWER(M55) | W55: =IF(COUNTIFS($A$2:$A$1001,A55,$C$2:$C$1001,C55)>1,"Duplicate","Unique") | X55: =YEAR(T55) | Y55: =IF(B55<6.5,"<6.5",IF(B55<7,"6.5–6.9",IF(B55<7.5,"7.0–7.4",IF(B55<8,"7.5–7.9","8.0+")))) | Z55: =IF(F55="","Blank",F55)
A56: M 6.9 - | B56: 6.9 | C56: 19/05/2022 10:13 | D56: 2 | E56: 5 | F56: green | G56: 1 | H56: 733 | I56: us | J56: 127 | K56: 0.371 | L56: 45 | M56: mww | N56: 10 | O56: -54.1325 | P56: 159.027 | T56: =DATE(MID(C56,7,4),MID(C56,4,2),MID(C56,1,2))+TIME(MID(C56,12,2),MID(C56,15,2),0) | U56: =IF(ISNUMBER(VALUE(MID(A56,7,1))),"Distance-prefix pattern","Named-region pattern") | V56: =LOWER(M56) | W56: =IF(COUNTIFS($A$2:$A$1001,A56,$C$2:$C$1001,C56)>1,"Duplicate","Unique") | X56: =YEAR(T56) | Y56: =IF(B56<6.5,"<6.5",IF(B56<7,"6.5–6.9",IF(B56<7.5,"7.0–7.4",IF(B56<8,"7.5–7.9","8.0+")))) | Z56: =IF(F56="","Blank",F56)
A57: M 6.8 - 86 km NNW of San Antonio de los Cobres, Argentina | B57: 6.8 | C57: 10/05/2022 23:06 | D57: 6 | E57: 5 | F57: green | G57: 1 | H57: 762 | I57: us | J57: 162 | K57: 1.505 | L57: 30 | M57: mww | N57: 220 | O57: -23.6141 | P57: -66.7236 | Q57: San Antonio de los Cobres, Argentina | R57: South America | S57: Argentina | T57: =DATE(MID(C57,7,4),MID(C57,4,2),MID(C57,1,2))+TIME(MID(C57,12,2),MID(C57,15,2),0) | U57: =IF(ISNUMBER(VALUE(MID(A57,7,1))),"Distance-prefix pattern","Named-region pattern") | V57: =LOWER(M57) | W57: =IF(COUNTIFS($A$2:$A$1001,A57,$C$2:$C$1001,C57)>1,"Duplicate","Unique") | X57: =YEAR(T57) | Y57: =IF(B57<6.5,"<6.5",IF(B57<7,"6.5–6.9",IF(B57<7.5,"7.0–7.4",IF(B57<8,"7.5–7.9","8.0+")))) | Z57: =IF(F57="","Blank",F57)
A58: M 6.6 - 55 km WSW of Masachapa, Nicaragua | B58: 6.6 | C58: 21/04/2022 07:42 | D58: 6 | E58: 5 | F58: green | G58: 1 | H58: 762 | I58: us | J58: 0 | K58: 0.914 | L58: 94 | M58: mww | N58: 27 | O58: 11.5538 | P58: -86.9919 | Q58: Masachapa, Nicaragua | T58: =DATE(MID(C58,7,4),MID(C58,4,2),MID(C58,1,2))+TIME(MID(C58,12,2),MID(C58,15,2),0) | U58: =IF(ISNUMBER(VALUE(MID(A58,7,1))),"Distance-prefix pattern","Named-region pattern") | V58: =LOWER(M58) | W58: =IF(COUNTIFS($A$2:$A$1001,A58,$C$2:$C$1001,C58)>1,"Duplicate","Unique") | X58: =YEAR(T58) | Y58: =IF(B58<6.5,"<6.5",IF(B58<7,"6.5–6.9",IF(B58<7.5,"7.0–7.4",IF(B58<8,"7.5–7.9","8.0+")))) | Z58: =IF(F58="","Blank",F58)
A59: M 7.0 - southeast of the Loyalty Islands | B59: 7 | C59: 31/03/2022 05:44 | D59: 6 | E59: 4 | F59: green | G59: 1 | H59: 763 | I59: us | J59: 0 | K59: 2.705 | L59: 26 | M59: mww | N59: 10 | O59: -22.5732 | P59: 170.349 | Q59: the Loyalty Islands | T59: =DATE(MID(C59,7,4),MID(C59,4,2),MID(C59,1,2))+TIME(MID(C59,12,2),MID(C59,15,2),0) | U59: =IF(ISNUMBER(VALUE(MID(A59,7,1))),"Distance-prefix pattern","Named-region pattern") | V59: =LOWER(M59) | W59: =IF(COUNTIFS($A$2:$A$1001,A59,$C$2:$C$1001,C59)>1,"Duplicate","Unique") | X59: =YEAR(T59) | Y59: =IF(B59<6.5,"<6.5",IF(B59<7,"6.5–6.9",IF(B59<7.5,"7.0–7.4",IF(B59<8,"7.5–7.9","8.0+")))) | Z59: =IF(F59="","Blank",F59)
A60: M 6.9 - 284 km ESE of Tadine, New Caledonia | B60: 6.9 | C60: 30/03/2022 20:56 | D60: 6 | E60: 4 | F60: green | G60: 1 | H60: 738 | I60: us | J60: 0 | K60: 2.697 | L60: 42 | M60: mww | N60: 10 | O60: -22.72 | P60: 170.277 | Q60: Tadine, New Caledonia | T60: =DATE(MID(C60,7,4),MID(C60,4,2),MID(C60,1,2))+TIME(MID(C60,12,2),MID(C60,15,2),0) | U60: =IF(ISNUMBER(VALUE(MID(A60,7,1))),"Distance-prefix pattern","Named-region pattern") | V60: =LOWER(M60) | W60: =IF(COUNTIFS($A$2:$A$1001,A60,$C$2:$C$1001,C60)>1,"Duplicate","Unique") | X60: =YEAR(T60) | Y60: =IF(B60<6.5,"<6.5",IF(B60<7,"6.5–6.9",IF(B60<7.5,"7.0–7.4",IF(B60<8,"7.5–7.9","8.0+")))) | Z60: =IF(F60="","Blank",F60)
A61: M 6.7 - 65 km S of Hualien City, Taiwan | B61: 6.7 | C61: 22/03/2022 17:41 | D61: 8 | E61: 7 | F61: green | G61: 1 | H61: 806 | I61: us | J61: 0 | K61: 0.289 | L61: 32 | M61: mww | N61: 24 | O61: 23.3421 | P61: 121.636 | Q61: Hualien City, Taiwan | R61: Asia | S61: Taiwan | T61: =DATE(MID(C61,7,4),MID(C61,4,2),MID(C61,1,2))+TIME(MID(C61,12,2),MID(C61,15,2),0) | U61: =IF(ISNUMBER(VALUE(MID(A61,7,1))),"Distance-prefix pattern","Named-region pattern") | V61: =LOWER(M61) | W61: =IF(COUNTIFS($A$2:$A$1001,A61,$C$2:$C$1001,C61)>1,"Duplicate","Unique") | X61: =YEAR(T61) | Y61: =IF(B61<6.5,"<6.5",IF(B61<7,"6.5–6.9",IF(B61<7.5,"7.0–7.4",IF(B61<8,"7.5–7.9","8.0+")))) | Z61: =IF(F61="","Blank",F61)
A62: M 7.3 - 57 km ENE of Namie, Japan | B62: 7.3 | C62: 16/03/2022 14:36 | D62: 9 | E62: 8 | F62: red | G62: 1 | H62: 2397 | I62: us | J62: 0 | K62: 2.936 | L62: 29 | M62: mww | N62: 41 | O62: 37.7015 | P62: 141.587 | Q62: Namie, Japan | T62: =DATE(MID(C62,7,4),MID(C62,4,2),MID(C62,1,2))+TIME(MID(C62,12,2),MID(C62,15,2),0) | U62: =IF(ISNUMBER(VALUE(MID(A62,7,1))),"Distance-prefix pattern","Named-region pattern") | V62: =LOWER(M62) | W62: =IF(COUNTIFS($A$2:$A$1001,A62,$C$2:$C$1001,C62)>1,"Duplicate","Unique") | X62: =YEAR(T62) | Y62: =IF(B62<6.5,"<6.5",IF(B62<7,"6.5–6.9",IF(B62<7.5,"7.0–7.4",IF(B62<8,"7.5–7.9","8.0+")))) | Z62: =IF(F62="","Blank",F62)
A63: M 6.7 - 166 km W of Pariaman, Indonesia | B63: 6.7 | C63: 13/03/2022 21:09 | D63: 9 | E63: 6 | F63: green | G63: 0 | H63: 708 | I63: us | J63: 0 | K63: 2.188 | L63: 43 | M63: mww | N63: 28 | O63: -0.6831 | P63: 98.6034 | Q63: Pariaman, Indonesia | R63: Asia | S63: Indonesia | T63: =DATE(MID(C63,7,4),MID(C63,4,2),MID(C63,1,2))+TIME(MID(C63,12,2),MID(C63,15,2),0) | U63: =IF(ISNUMBER(VALUE(MID(A63,7,1))),"Distance-prefix pattern","Named-region pattern") | V63: =LOWER(M63) | W63: =IF(COUNTIFS($A$2:$A$1001,A63,$C$2:$C$1001,C63)>1,"Duplicate","Unique") | X63: =YEAR(T63) | Y63: =IF(B63<6.5,"<6.5",IF(B63<7,"6.5–6.9",IF(B63<7.5,"7.0–7.4",IF(B63<8,"7.5–7.9","8.0+")))) | Z63: =IF(F63="","Blank",F63)
A64: M 6.6 - Kermadec Islands, New Zealand | B64: 6.6 | C64: 02/03/2022 12:52 | D64: 2 | E64: 7 | F64: green | G64: 1 | H64: 670 | I64: us | J64: 0 | K64: 0.827 | L64: 46 | M64: mww | N64: 24 | O64: -30.0528 | P64: -177.74 | Q64: Kermadec Islands, New Zealand | T64: =DATE(MID(C64,7,4),MID(C64,4,2),MID(C64,1,2))+TIME(MID(C64,12,2),MID(C64,15,2),0) | U64: =IF(ISNUMBER(VALUE(MID(A64,7,1))),"Distance-prefix pattern","Named-region pattern") | V64: =LOWER(M64) | W64: =IF(COUNTIFS($A$2:$A$1001,A64,$C$2:$C$1001,C64)>1,"Duplicate","Unique") | X64: =YEAR(T64) | Y64: =IF(B64<6.5,"<6.5",IF(B64<7,"6.5–6.9",IF(B64<7.5,"7.0–7.4",IF(B64<8,"7.5–7.9","8.0+")))) | Z64: =IF(F64="","Blank",F64)
A65: M 6.8 - south of the Fiji Islands | B65: 6.8 | C65: 16/02/2022 20:21 | D65: 2 | E65: 3 | F65: green | G65: 1 | H65: 712 | I65: us | J65: 0 | K65: 5.78 | L65: 12 | M65: mww | N65: 535 | O65: -23.7852 | P65: -179.968 | Q65: the Fiji Islands | T65: =DATE(MID(C65,7,4),MID(C65,4,2),MID(C65,1,2))+TIME(MID(C65,12,2),MID(C65,15,2),0) | U65: =IF(ISNUMBER(VALUE(MID(A65,7,1))),"Distance-prefix pattern","Named-region pattern") | V65: =LOWER(M65) | W65: =IF(COUNTIFS($A$2:$A$1001,A65,$C$2:$C$1001,C65)>1,"Duplicate","Unique") | X65: =YEAR(T65) | Y65: =IF(B65<6.5,"<6.5",IF(B65<7,"6.5–6.9",IF(B65<7.5,"7.0–7.4",IF(B65<8,"7.5–7.9","8.0+")))) | Z65: =IF(F65="","Blank",F65)
A66: M 6.5 - 49 km NW of Barranca, Peru | B66: 6.5 | C66: 03/02/2022 15:58 | D66: 8 | E66: 6 | F66: green | G66: 0 | H66: 690 | I66: us | J66: 0 | K66: 3.026 | L66: 22 | M66: mww | N66: 110 | O66: -4.455 | P66: -76.9395 | Q66: Barranca, Peru | R66: South America | S66: Peru | T66: =DATE(MID(C66,7,4),MID(C66,4,2),MID(C66,1,2))+TIME(MID(C66,12,2),MID(C66,15,2),0) | U66: =IF(ISNUMBER(VALUE(MID(A66,7,1))),"Distance-prefix pattern","Named-region pattern") | V66: =LOWER(M66) | W66: =IF(COUNTIFS($A$2:$A$1001,A66,$C$2:$C$1001,C66)>1,"Duplicate","Unique") | X66: =YEAR(T66) | Y66: =IF(B66<6.5,"<6.5",IF(B66<7,"6.5–6.9",IF(B66<7.5,"7.0–7.4",IF(B66<8,"7.5–7.9","8.0+")))) | Z66: =IF(F66="","Blank",F66)
A67: M 6.5 - Kermadec Islands region | B67: 6.5 | C67: 29/01/2022 02:46 | D67: 7 | E67: 4 | F67: green | G67: 1 | H67: 651 | I67: us | J67: 0 | K67: 1.088 | L67: 57 | M67: mww | N67: 8 | O67: -29.535 | P67: -176.729 | Q67: Kermadec Islands region | T67: =DATE(MID(C67,7,4),MID(C67,4,2),MID(C67,1,2))+TIME(MID(C67,12,2),MID(C67,15,2),0) | U67: =IF(ISNUMBER(VALUE(MID(A67,7,1))),"Distance-prefix pattern","Named-region pattern") | V67: =LOWER(M67) | W67: =IF(COUNTIFS($A$2:$A$1001,A67,$C$2:$C$1001,C67)>1,"Duplicate","Unique") | X67: =YEAR(T67) | Y67: =IF(B67<6.5,"<6.5",IF(B67<7,"6.5–6.9",IF(B67<7.5,"7.0–7.4",IF(B67<8,"7.5–7.9","8.0+")))) | Z67: =IF(F67="","Blank",F67)
A68: M 6.6 - 80 km SW of Labuan, Indonesia | B68: 6.6 | C68: 14/01/2022 09:05 | D68: 8 | E68: 6 | F68: green | G68: 0 | H68: 785 | I68: us | J68: 0 | K68: 2.418 | L68: 22 | M68: mww | N68: 33 | O68: -6.9291 | P68: 105.251 | Q68: Labuan, Indonesia | S68: Indonesia | T68: =DATE(MID(C68,7,4),MID(C68,4,2),MID(C68,1,2))+TIME(MID(C68,12,2),MID(C68,15,2),0) | U68: =IF(ISNUMBER(VALUE(MID(A68,7,1))),"Distance-prefix pattern","Named-region pattern") | V68: =LOWER(M68) | W68: =IF(COUNTIFS($A$2:$A$1001,A68,$C$2:$C$1001,C68)>1,"Duplicate","Unique") | X68: =YEAR(T68) | Y68: =IF(B68<6.5,"<6.5",IF(B68<7,"6.5–6.9",IF(B68<7.5,"7.0–7.4",IF(B68<8,"7.5–7.9","8.0+")))) | Z68: =IF(F68="","Blank",F68)
A69: M 6.5 - 71 km SE of Nikolski, Alaska | B69: 6.5 | C69: 11/01/2022 12:39 | D69: 0 | E69: 3 | G69: 1 | H69: 650 | I69: at | J69: 97 | K69: 1.61607 | L69: 108 | M69: Mi | N69: 37 | O69: 52.502 | P69: -168.08 | Q69: Nikolski, Alaska | T69: =DATE(MID(C69,7,4),MID(C69,4,2),MID(C69,1,2))+TIME(MID(C69,12,2),MID(C69,15,2),0) | U69: =IF(ISNUMBER(VALUE(MID(A69,7,1))),"Distance-prefix pattern","Named-region pattern") | V69: =LOWER(M69) | W69: =IF(COUNTIFS($A$2:$A$1001,A69,$C$2:$C$1001,C69)>1,"Duplicate","Unique") | X69: =YEAR(T69) | Y69: =IF(B69<6.5,"<6.5",IF(B69<7,"6.5–6.9",IF(B69<7.5,"7.0–7.4",IF(B69<8,"7.5–7.9","8.0+")))) | Z69: =IF(F69="","Blank",F69)
A70: M 6.5 - 71 km SE of Nikolski, Alaska | B70: 6.5 | C70: 11/01/2022 12:39 | D70: 0 | E70: 3 | G70: 1 | H70: 650 | I70: pt | J70: 23 | K70: 0 | L70: 208.8 | M70: Mi | N70: 37 | O70: 52.502 | P70: -168.08 | Q70: Nikolski, Alaska | T70: =DATE(MID(C70,7,4),MID(C70,4,2),MID(C70,1,2))+TIME(MID(C70,12,2),MID(C70,15,2),0) | U70: =IF(ISNUMBER(VALUE(MID(A70,7,1))),"Distance-prefix pattern","Named-region pattern") | V70: =LOWER(M70) | W70: =IF(COUNTIFS($A$2:$A$1001,A70,$C$2:$C$1001,C70)>1,"Duplicate","Unique") | X70: =YEAR(T70) | Y70: =IF(B70<6.5,"<6.5",IF(B70<7,"6.5–6.9",IF(B70<7.5,"7.0–7.4",IF(B70<8,"7.5–7.9","8.0+")))) | Z70: =IF(F70="","Blank",F70)
A71: M 6.6 - 53 km SE of Nikolski, Alaska | B71: 6.6 | C71: 11/01/2022 12:39 | D71: 8 | E71: 5 | F71: green | G71: 1 | H71: 674 | I71: us | J71: 0 | K71: 0.507 | L71: 49 | M71: mww | N71: 19 | O71: 52.6252 | P71: -168.15 | Q71: Nikolski, Alaska | T71: =DATE(MID(C71,7,4),MID(C71,4,2),MID(C71,1,2))+TIME(MID(C71,12,2),MID(C71,15,2),0) | U71: =IF(ISNUMBER(VALUE(MID(A71,7,1))),"Distance-prefix pattern","Named-region pattern") | V71: =LOWER(M71) | W71: =IF(COUNTIFS($A$2:$A$1001,A71,$C$2:$C$1001,C71)>1,"Duplicate","Unique") | X71: =YEAR(T71) | Y71: =IF(B71<6.5,"<6.5",IF(B71<7,"6.5–6.9",IF(B71<7.5,"7.0–7.4",IF(B71<8,"7.5–7.9","8.0+")))) | Z71: =IF(F71="","Blank",F71)
A72: M 6.7 - 91 km SE of Nikolski, Alaska | B72: 6.7 | C72: 11/01/2022 11:35 | D72: 0 | E72: 4 | G72: 1 | H72: 691 | I72: at | J72: 50 | K72: 0.936943 | L72: 126 | M72: Mi | N72: 33 | O72: 52.48 | P72: -167.736 | Q72: Nikolski, Alaska | T72: =DATE(MID(C72,7,4),MID(C72,4,2),MID(C72,1,2))+TIME(MID(C72,12,2),MID(C72,15,2),0) | U72: =IF(ISNUMBER(VALUE(MID(A72,7,1))),"Distance-prefix pattern","Named-region pattern") | V72: =LOWER(M72) | W72: =IF(COUNTIFS($A$2:$A$1001,A72,$C$2:$C$1001,C72)>1,"Duplicate","Unique") | X72: =YEAR(T72) | Y72: =IF(B72<6.5,"<6.5",IF(B72<7,"6.5–6.9",IF(B72<7.5,"7.0–7.4",IF(B72<8,"7.5–7.9","8.0+")))) | Z72: =IF(F72="","Blank",F72)
A73: M 6.7 - 91 km SE of Nikolski, Alaska | B73: 6.7 | C73: 11/01/2022 11:35 | D73: 0 | E73: 4 | G73: 1 | H73: 691 | I73: pt | J73: 20 | K73: 0 | L73: 205.2 | M73: Mi | N73: 33 | O73: 52.48 | P73: -167.736 | Q73: Nikolski, Alaska | T73: =DATE(MID(C73,7,4),MID(C73,4,2),MID(C73,1,2))+TIME(MID(C73,12,2),MID(C73,15,2),0) | U73: =IF(ISNUMBER(VALUE(MID(A73,7,1))),"Distance-prefix pattern","Named-region pattern") | V73: =LOWER(M73) | W73: =IF(COUNTIFS($A$2:$A$1001,A73,$C$2:$C$1001,C73)>1,"Duplicate","Unique") | X73: =YEAR(T73) | Y73: =IF(B73<6.5,"<6.5",IF(B73<7,"6.5–6.9",IF(B73<7.5,"7.0–7.4",IF(B73<8,"7.5–7.9","8.0+")))) | Z73: =IF(F73="","Blank",F73)
A74: M 6.8 - 100 km SE of Nikolski, Alaska | B74: 6.8 | C74: 11/01/2022 11:35 | D74: 7 | E74: 6 | F74: green | G74: 1 | H74: 730 | I74: us | J74: 0 | K74: 0.92 | L74: 61 | M74: mww | N74: 20 | O74: 52.6563 | P74: -167.917 | Q74: Nikolski, Alaska | T74: =DATE(MID(C74,7,4),MID(C74,4,2),MID(C74,1,2))+TIME(MID(C74,12,2),MID(C74,15,2),0) | U74: =IF(ISNUMBER(VALUE(MID(A74,7,1))),"Distance-prefix pattern","Named-region pattern") | V74: =LOWER(M74) | W74: =IF(COUNTIFS($A$2:$A$1001,A74,$C$2:$C$1001,C74)>1,"Duplicate","Unique") | X74: =YEAR(T74) | Y74: =IF(B74<6.5,"<6.5",IF(B74<7,"6.5–6.9",IF(B74<7.5,"7.0–7.4",IF(B74<8,"7.5–7.9","8.0+")))) | Z74: =IF(F74="","Blank",F74)
A75: M 6.6 - 48 km WNW of Pólis, Cyprus | B75: 6.6 | C75: 11/01/2022 01:07 | D75: 6 | E75: 6 | F75: green | G75: 0 | H75: 976 | I75: us | J75: 0 | K75: 1.168 | L75: 21 | M75: mww | N75: 21 | O75: 35.1456 | P75: 31.9095 | Q75: Pólis, Cyprus | R75: Asia | T75: =DATE(MID(C75,7,4),MID(C75,4,2),MID(C75,1,2))+TIME(MID(C75,12,2),MID(C75,15,2),0) | U75: =IF(ISNUMBER(VALUE(MID(A75,7,1))),"Distance-prefix pattern","Named-region pattern") | V75: =LOWER(M75) | W75: =IF(COUNTIFS($A$2:$A$1001,A75,$C$2:$C$1001,C75)>1,"Duplicate","Unique") | X75: =YEAR(T75) | Y75: =IF(B75<6.5,"<6.5",IF(B75<7,"6.5–6.9",IF(B75<7.5,"7.0–7.4",IF(B75<8,"7.5–7.9","8.0+")))) | Z75: =IF(F75="","Blank",F75)
A76: M 6.6 - northern Qinghai, China | B76: 6.6 | C76: 07/01/2022 17:45 | D76: 9 | E76: 8 | F76: orange | G76: 0 | H76: 1012 | I76: us | J76: 0 | K76: 2.685 | L76: 13 | M76: mww | N76: 13 | O76: 37.8167 | P76: 101.299 | Q76: northern Qinghai, China | R76: Asia | S76: People's Republic of China | T76: =DATE(MID(C76,7,4),MID(C76,4,2),MID(C76,1,2))+TIME(MID(C76,12,2),MID(C76,15,2),0) | U76: =IF(ISNUMBER(VALUE(MID(A76,7,1))),"Distance-prefix pattern","Named-region pattern") | V76: =LOWER(M76) | W76: =IF(COUNTIFS($A$2:$A$1001,A76,$C$2:$C$1001,C76)>1,"Duplicate","Unique") | X76: =YEAR(T76) | Y76: =IF(B76<6.5,"<6.5",IF(B76<7,"6.5–6.9",IF(B76<7.5,"7.0–7.4",IF(B76<8,"7.5–7.9","8.0+")))) | Z76: =IF(F76="","Blank",F76)
A77: M 7.3 - 125 km NNE of Lospalos, Timor Leste | B77: 7.3 | C77: 29/12/2021 18:25 | D77: 8 | E77: 7 | F77: green | G77: 0 | H77: 921 | I77: us | J77: 0 | K77: 3.713 | L77: 19 | M77: mww | N77: 165.49 | O77: -7.5924 | P77: 127.581 | Q77: Lospalos, Timor Leste | S77: Indonesia | T77: =DATE(MID(C77,7,4),MID(C77,4,2),MID(C77,1,2))+TIME(MID(C77,12,2),MID(C77,15,2),0) | U77: =IF(ISNUMBER(VALUE(MID(A77,7,1))),"Distance-prefix pattern","Named-region pattern") | V77: =LOWER(M77) | W77: =IF(COUNTIFS($A$2:$A$1001,A77,$C$2:$C$1001,C77)>1,"Duplicate","Unique") | X77: =YEAR(T77) | Y77: =IF(B77<6.5,"<6.5",IF(B77<7,"6.5–6.9",IF(B77<7.5,"7.0–7.4",IF(B77<8,"7.5–7.9","8.0+")))) | Z77: =IF(F77="","Blank",F77)
A78: M 7.3 - Flores Sea | B78: 7.3 | C78: 14/12/2021 03:20 | D78: 9 | E78: 5 | F78: green | G78: 1 | H78: 854 | I78: us | J78: 0 | K78: 1.025 | L78: 32 | M78: mww | N78: 14.27 | O78: -7.6033 | P78: 122.2 | Q78: Flores Sea | R78: Asia | S78: Indonesia | T78: =DATE(MID(C78,7,4),MID(C78,4,2),MID(C78,1,2))+TIME(MID(C78,12,2),MID(C78,15,2),0) | U78: =IF(ISNUMBER(VALUE(MID(A78,7,1))),"Distance-prefix pattern","Named-region pattern") | V78: =LOWER(M78) | W78: =IF(COUNTIFS($A$2:$A$1001,A78,$C$2:$C$1001,C78)>1,"Duplicate","Unique") | X78: =YEAR(T78) | Y78: =IF(B78<6.5,"<6.5",IF(B78<7,"6.5–6.9",IF(B78<7.5,"7.0–7.4",IF(B78<8,"7.5–7.9","8.0+")))) | Z78: =IF(F78="","Blank",F78)
A79: M 7.5 - 43 km NNW of Barranca, Peru | B79: 7.5 | C79: 28/11/2021 10:52 | D79: 8 | E79: 8 | F79: yellow | G79: 1 | H79: 1094 | I79: us | J79: 0 | K79: 4.951 | L79: 40 | M79: mww | N79: 126 | O79: -4.4898 | P79: -76.8461 | Q79: Barranca, Peru | R79: South America | S79: Peru | T79: =DATE(MID(C79,7,4),MID(C79,4,2),MID(C79,1,2))+TIME(MID(C79,12,2),MID(C79,15,2),0) | U79: =IF(ISNUMBER(VALUE(MID(A79,7,1))),"Distance-prefix pattern","Named-region pattern") | V79: =LOWER(M79) | W79: =IF(COUNTIFS($A$2:$A$1001,A79,$C$2:$C$1001,C79)>1,"Duplicate","Unique") | X79: =YEAR(T79) | Y79: =IF(B79<6.5,"<6.5",IF(B79<7,"6.5–6.9",IF(B79<7.5,"7.0–7.4",IF(B79<8,"7.5–7.9","8.0+")))) | Z79: =IF(F79="","Blank",F79)
A80: M 6.6 - 177 km SE of Hirara, Japan | B80: 6.6 | C80: 10/11/2021 15:45 | D80: 7 | E80: 4 | F80: green | G80: 1 | H80: 688 | I80: us | J80: 0 | K80: 3.259 | L80: 15 | M80: mww | N80: 12 | O80: 23.5414 | P80: 126.48 | Q80: Hirara, Japan | T80: =DATE(MID(C80,7,4),MID(C80,4,2),MID(C80,1,2))+TIME(MID(C80,12,2),MID(C80,15,2),0) | U80: =IF(ISNUMBER(VALUE(MID(A80,7,1))),"Distance-prefix pattern","Named-region pattern") | V80: =LOWER(M80) | W80: =IF(COUNTIFS($A$2:$A$1001,A80,$C$2:$C$1001,C80)>1,"Duplicate","Unique") | X80: =YEAR(T80) | Y80: =IF(B80<6.5,"<6.5",IF(B80<7,"6.5–6.9",IF(B80<7.5,"7.0–7.4",IF(B80<8,"7.5–7.9","8.0+")))) | Z80: =IF(F80="","Blank",F80)
A81: M 6.9 - 112 km E of Chignik, Alaska | B81: 6.9 | C81: 11/10/2021 09:10 | D81: 8 | E81: 6 | F81: green | G81: 1 | H81: 995 | I81: ak | J81: 0 | K81: 0 | L81: 0 | M81: mww | N81: 51.6 | O81: 56.2581 | P81: -156.492 | Q81: Chignik, Alaska | R81: North America | S81: United States of America | T81: =DATE(MID(C81,7,4),MID(C81,4,2),MID(C81,1,2))+TIME(MID(C81,12,2),MID(C81,15,2),0) | U81: =IF(ISNUMBER(VALUE(MID(A81,7,1))),"Distance-prefix pattern","Named-region pattern") | V81: =LOWER(M81) | W81: =IF(COUNTIFS($A$2:$A$1001,A81,$C$2:$C$1001,C81)>1,"Duplicate","Unique") | X81: =YEAR(T81) | Y81: =IF(B81<6.5,"<6.5",IF(B81<7,"6.5–6.9",IF(B81<7.5,"7.0–7.4",IF(B81<8,"7.5–7.9","8.0+")))) | Z81: =IF(F81="","Blank",F81)
A82: M 6.9 - Vanuatu region | B82: 6.9 | C82: 09/10/2021 10:58 | D82: 4 | E82: 3 | F82: green | G82: 1 | H82: 740 | I82: us | J82: 0 | K82: 4.778 | L82: 31 | M82: mww | N82: 535 | O82: -21.1704 | P82: 174.54 | Q82: Vanuatu region | T82: =DATE(MID(C82,7,4),MID(C82,4,2),MID(C82,1,2))+TIME(MID(C82,12,2),MID(C82,15,2),0) | U82: =IF(ISNUMBER(VALUE(MID(A82,7,1))),"Distance-prefix pattern","Named-region pattern") | V82: =LOWER(M82) | W82: =IF(COUNTIFS($A$2:$A$1001,A82,$C$2:$C$1001,C82)>1,"Duplicate","Unique") | X82: =YEAR(T82) | Y82: =IF(B82<6.5,"<6.5",IF(B82<7,"6.5–6.9",IF(B82<7.5,"7.0–7.4",IF(B82<8,"7.5–7.9","8.0+")))) | Z82: =IF(F82="","Blank",F82)
A83: M 7.3 - Vanuatu region | B83: 7.3 | C83: 02/10/2021 06:29 | D83: 4 | E83: 4 | F83: green | G83: 1 | H83: 826 | I83: us | J83: 0 | K83: 4.493 | L83: 32 | M83: mww | N83: 527 | O83: -21.1036 | P83: 174.895 | Q83: Vanuatu region | T83: =DATE(MID(C83,7,4),MID(C83,4,2),MID(C83,1,2))+TIME(MID(C83,12,2),MID(C83,15,2),0) | U83: =IF(ISNUMBER(VALUE(MID(A83,7,1))),"Distance-prefix pattern","Named-region pattern") | V83: =LOWER(M83) | W83: =IF(COUNTIFS($A$2:$A$1001,A83,$C$2:$C$1001,C83)>1,"Duplicate","Unique") | X83: =YEAR(T83) | Y83: =IF(B83<6.5,"<6.5",IF(B83<7,"6.5–6.9",IF(B83<7.5,"7.0–7.4",IF(B83<8,"7.5–7.9","8.0+")))) | Z83: =IF(F83="","Blank",F83)
A84: M 6.5 - 80 km SW of Jiquilillo, Nicaragua | B84: 6.5 | C84: 22/09/2021 09:57 | D84: 7 | E84: 5 | F84: green | G84: 1 | H84: 684 | I84: us | J84: 0 | K84: 0.993 | L84: 114 | M84: mww | N84: 21 | O84: 12.1598 | P84: -87.8542 | Q84: Jiquilillo, Nicaragua | T84: =DATE(MID(C84,7,4),MID(C84,4,2),MID(C84,1,2))+TIME(MID(C84,12,2),MID(C84,15,2),0) | U84: =IF(ISNUMBER(VALUE(MID(A84,7,1))),"Distance-prefix pattern","Named-region pattern") | V84: =LOWER(M84) | W84: =IF(COUNTIFS($A$2:$A$1001,A84,$C$2:$C$1001,C84)>1,"Duplicate","Unique") | X84: =YEAR(T84) | Y84: =IF(B84<6.5,"<6.5",IF(B84<7,"6.5–6.9",IF(B84<7.5,"7.0–7.4",IF(B84<8,"7.5–7.9","8.0+")))) | Z84: =IF(F84="","Blank",F84)
A85: M 7.0 - Acapulco, Mexico | B85: 7 | C85: 08/09/2021 01:47 | D85: 8 | E85: 8 | F85: red | G85: 1 | H85: 2504 | I85: us | J85: 0 | K85: 0.07 | L85: 43 | M85: mww | N85: 20 | O85: 16.9502 | P85: -99.7877 | Q85: Acapulco, Mexico | R85: North America | S85: Mexico | T85: =DATE(MID(C85,7,4),MID(C85,4,2),MID(C85,1,2))+TIME(MID(C85,12,2),MID(C85,15,2),0) | U85: =IF(ISNUMBER(VALUE(MID(A85,7,1))),"Distance-prefix pattern","Named-region pattern") | V85: =LOWER(M85) | W85: =IF(COUNTIFS($A$2:$A$1001,A85,$C$2:$C$1001,C85)>1,"Duplicate","Unique") | X85: =YEAR(T85) | Y85: =IF(B85<6.5,"<6.5",IF(B85<7,"6.5–6.9",IF(B85<7.5,"7.0–7.4",IF(B85<8,"7.5–7.9","8.0+")))) | Z85: =IF(F85="","Blank",F85)
A86: M 7.1 - South Sandwich Islands region | B86: 7.1 | C86: 22/08/2021 21:33 | D86: 1 | E86: 4 | F86: green | G86: 1 | H86: 776 | I86: us | J86: 0 | K86: 9.799 | L86: 32 | M86: mww | N86: 6 | O86: -60.3026 | P86: -24.9992 | Q86: South Sandwich Islands region | S86: Antarctica | T86: =DATE(MID(C86,7,4),MID(C86,4,2),MID(C86,1,2))+TIME(MID(C86,12,2),MID(C86,15,2),0) | U86: =IF(ISNUMBER(VALUE(MID(A86,7,1))),"Distance-prefix pattern","Named-region pattern") | V86: =LOWER(M86) | W86: =IF(COUNTIFS($A$2:$A$1001,A86,$C$2:$C$1001,C86)>1,"Duplicate","Unique") | X86: =YEAR(T86) | Y86: =IF(B86<6.5,"<6.5",IF(B86<7,"6.5–6.9",IF(B86<7.5,"7.0–7.4",IF(B86<8,"7.5–7.9","8.0+")))) | Z86: =IF(F86="","Blank",F86)
A87: M 6.6 - South Sandwich Islands region | B87: 6.6 | C87: 22/08/2021 00:45 | D87: 1 | E87: 3 | F87: green | G87: 1 | H87: 670 | I87: us | J87: 0 | K87: 8.865 | L87: 19 | M87: mww | N87: 7 | O87: -60.1023 | P87: -24.4608 | Q87: South Sandwich Islands region | S87: Antarctica | T87: =DATE(MID(C87,7,4),MID(C87,4,2),MID(C87,1,2))+TIME(MID(C87,12,2),MID(C87,15,2),0) | U87: =IF(ISNUMBER(VALUE(MID(A87,7,1))),"Distance-prefix pattern","Named-region pattern") | V87: =LOWER(M87) | W87: =IF(COUNTIFS($A$2:$A$1001,A87,$C$2:$C$1001,C87)>1,"Duplicate","Unique") | X87: =YEAR(T87) | Y87: =IF(B87<6.5,"<6.5",IF(B87<7,"6.5–6.9",IF(B87<7.5,"7.0–7.4",IF(B87<8,"7.5–7.9","8.0+")))) | Z87: =IF(F87="","Blank",F87)
A88: M 6.9 - 17 km N of Port-Olry, Vanuatu | B88: 6.9 | C88: 18/08/2021 10:10 | D88: 8 | E88: 7 | F88: green | G88: 1 | H88: 741 | I88: us | J88: 0 | K88: 0.579 | L88: 54 | M88: mww | N88: 93 | O88: -14.892 | P88: 167.085 | Q88: Port-Olry, Vanuatu | R88: Oceania | S88: Vanuatu | T88: =DATE(MID(C88,7,4),MID(C88,4,2),MID(C88,1,2))+TIME(MID(C88,12,2),MID(C88,15,2),0) | U88: =IF(ISNUMBER(VALUE(MID(A88,7,1))),"Distance-prefix pattern","Named-region pattern") | V88: =LOWER(M88) | W88: =IF(COUNTIFS($A$2:$A$1001,A88,$C$2:$C$1001,C88)>1,"Duplicate","Unique") | X88: =YEAR(T88) | Y88: =IF(B88<6.5,"<6.5",IF(B88<7,"6.5–6.9",IF(B88<7.5,"7.0–7.4",IF(B88<8,"7.5–7.9","8.0+")))) | Z88: =IF(F88="","Blank",F88)
A89: M 6.9 - South Sandwich Islands region | B89: 6.9 | C89: 16/08/2021 11:10 | D89: 6 | E89: 4 | F89: green | G89: 1 | H89: 734 | I89: us | J89: 0 | K89: 8.363 | L89: 48 | M89: mww | N89: 16.7 | O89: -58.3814 | P89: -23.3318 | Q89: South Sandwich Islands region | T89: =DATE(MID(C89,7,4),MID(C89,4,2),MID(C89,1,2))+TIME(MID(C89,12,2),MID(C89,15,2),0) | U89: =IF(ISNUMBER(VALUE(MID(A89,7,1))),"Distance-prefix pattern","Named-region pattern") | V89: =LOWER(M89) | W89: =IF(COUNTIFS($A$2:$A$1001,A89,$C$2:$C$1001,C89)>1,"Duplicate","Unique") | X89: =YEAR(T89) | Y89: =IF(B89<6.5,"<6.5",IF(B89<7,"6.5–6.9",IF(B89<7.5,"7.0–7.4",IF(B89<8,"7.5–7.9","8.0+")))) | Z89: =IF(F89="","Blank",F89)
A90: M 7.2 - Nippes, Haiti | B90: 7.2 | C90: 14/08/2021 12:29 | D90: 9 | E90: 8 | F90: red | G90: 1 | H90: 2331 | I90: us | J90: 0 | K90: 1.178 | L90: 23 | M90: mww | N90: 10 | O90: 18.3521 | P90: -73.4804 | Q90: Nippes, Haiti | R90: North America | S90: Haiti | T90: =DATE(MID(C90,7,4),MID(C90,4,2),MID(C90,1,2))+TIME(MID(C90,12,2),MID(C90,15,2),0) | U90: =IF(ISNUMBER(VALUE(MID(A90,7,1))),"Distance-prefix pattern","Named-region pattern") | V90: =LOWER(M90) | W90: =IF(COUNTIFS($A$2:$A$1001,A90,$C$2:$C$1001,C90)>1,"Duplicate","Unique") | X90: =YEAR(T90) | Y90: =IF(B90<6.5,"<6.5",IF(B90<7,"6.5–6.9",IF(B90<7.5,"7.0–7.4",IF(B90<8,"7.5–7.9","8.0+")))) | Z90: =IF(F90="","Blank",F90)
A91: M 6.9 - 136 km SE of Perryville, Alaska | B91: 6.9 | C91: 14/08/2021 11:57 | D91: 5 | E91: 4 | F91: green | G91: 1 | H91: 738 | I91: ak | J91: 0 | K91: 0 | L91: 0 | M91: mww | N91: 33.3 | O91: 55.2364 | P91: -157.707 | Q91: Perryville, Alaska | T91: =DATE(MID(C91,7,4),MID(C91,4,2),MID(C91,1,2))+TIME(MID(C91,12,2),MID(C91,15,2),0) | U91: =IF(ISNUMBER(VALUE(MID(A91,7,1))),"Distance-prefix pattern","Named-region pattern") | V91: =LOWER(M91) | W91: =IF(COUNTIFS($A$2:$A$1001,A91,$C$2:$C$1001,C91)>1,"Duplicate","Unique") | X91: =YEAR(T91) | Y91: =IF(B91<6.5,"<6.5",IF(B91<7,"6.5–6.9",IF(B91<7.5,"7.0–7.4",IF(B91<8,"7.5–7.9","8.0+")))) | Z91: =IF(F91="","Blank",F91)
A92: M 6.9 - 125 km SE of Perryville, Alaska | B92: 6.9 | C92: 14/08/2021 11:57 | D92: 5 | E92: 4 | F92: green | G92: 1 | H92: 738 | I92: us | J92: 0 | K92: 1.173 | L92: 36 | M92: mww | N92: 20.74 | O92: 55.2657 | P92: -157.68 | Q92: Perryville, Alaska | T92: =DATE(MID(C92,7,4),MID(C92,4,2),MID(C92,1,2))+TIME(MID(C92,12,2),MID(C92,15,2),0) | U92: =IF(ISNUMBER(VALUE(MID(A92,7,1))),"Distance-prefix pattern","Named-region pattern") | V92: =LOWER(M92) | W92: =IF(COUNTIFS($A$2:$A$1001,A92,$C$2:$C$1001,C92)>1,"Duplicate","Unique") | X92: =YEAR(T92) | Y92: =IF(B92<6.5,"<6.5",IF(B92<7,"6.5–6.9",IF(B92<7.5,"7.0–7.4",IF(B92<8,"7.5–7.9","8.0+")))) | Z92: =IF(F92="","Blank",F92)
A93: M 8.1 - South Sandwich Islands region | B93: 8.1 | C93: 12/08/2021 18:35 | D93: 0 | E93: 7 | F93: green | G93: 0 | H93: 1009 | I93: us | J93: 0 | K93: 7.463 | L93: 78 | M93: mww | N93: 22.79 | O93: -58.4157 | P93: -25.3206 | Q93: South Sandwich Islands region | T93: =DATE(MID(C93,7,4),MID(C93,4,2),MID(C93,1,2))+TIME(MID(C93,12,2),MID(C93,15,2),0) | U93: =IF(ISNUMBER(VALUE(MID(A93,7,1))),"Distance-prefix pattern","Named-region pattern") | V93: =LOWER(M93) | W93: =IF(COUNTIFS($A$2:$A$1001,A93,$C$2:$C$1001,C93)>1,"Duplicate","Unique") | X93: =YEAR(T93) | Y93: =IF(B93<6.5,"<6.5",IF(B93<7,"6.5–6.9",IF(B93<7.5,"7.0–7.4",IF(B93<8,"7.5–7.9","8.0+")))) | Z93: =IF(F93="","Blank",F93)
A94: M 7.5 - South Sandwich Islands region | B94: 7.5 | C94: 12/08/2021 18:32 | D94: 9 | E94: 6 | F94: green | G94: 1 | H94: 868 | I94: us | J94: 0 | K94: 7.227 | L94: 38 | M94: mww | N94: 47.23 | O94: -57.5959 | P94: -25.1874 | Q94: South Sandwich Islands region | T94: =DATE(MID(C94,7,4),MID(C94,4,2),MID(C94,1,2))+TIME(MID(C94,12,2),MID(C94,15,2),0) | U94: =IF(ISNUMBER(VALUE(MID(A94,7,1))),"Distance-prefix pattern","Named-region pattern") | V94: =LOWER(M94) | W94: =IF(COUNTIFS($A$2:$A$1001,A94,$C$2:$C$1001,C94)>1,"Duplicate","Unique") | X94: =YEAR(T94) | Y94: =IF(B94<6.5,"<6.5",IF(B94<7,"6.5–6.9",IF(B94<7.5,"7.0–7.4",IF(B94<8,"7.5–7.9","8.0+")))) | Z94: =IF(F94="","Blank",F94)
A95: M 7.1 - 60 km ENE of Pondaguitan, Philippines | B95: 7.1 | C95: 11/08/2021 17:46 | D95: 9 | E95: 7 | F95: green | G95: 1 | H95: 846 | I95: us | J95: 0 | K95: 1.273 | L95: 25 | M95: mww | N95: 55.14 | O95: 6.4547 | P95: 126.742 | Q95: Pondaguitan, Philippines | T95: =DATE(MID(C95,7,4),MID(C95,4,2),MID(C95,1,2))+TIME(MID(C95,12,2),MID(C95,15,2),0) | U95: =IF(ISNUMBER(VALUE(MID(A95,7,1))),"Distance-prefix pattern","Named-region pattern") | V95: =LOWER(M95) | W95: =IF(COUNTIFS($A$2:$A$1001,A95,$C$2:$C$1001,C95)>1,"Duplicate","Unique") | X95: =YEAR(T95) | Y95: =IF(B95<6.5,"<6.5",IF(B95<7,"6.5–6.9",IF(B95<7.5,"7.0–7.4",IF(B95<8,"7.5–7.9","8.0+")))) | Z95: =IF(F95="","Blank",F95)
A96: M 8.2 - 91 km ESE of Perryville, Alaska | B96: 8.2 | C96: 29/07/2021 06:15 | D96: 8 | E96: 6 | F96: green | G96: 1 | H96: 1237 | I96: us | J96: 0 | K96: 0.875 | L96: 66 | M96: mww | N96: 46.66 | O96: 55.4742 | P96: -157.917 | Q96: Perryville, Alaska | T96: =DATE(MID(C96,7,4),MID(C96,4,2),MID(C96,1,2))+TIME(MID(C96,12,2),MID(C96,15,2),0) | U96: =IF(ISNUMBER(VALUE(MID(A96,7,1))),"Distance-prefix pattern","Named-region pattern") | V96: =LOWER(M96) | W96: =IF(COUNTIFS($A$2:$A$1001,A96,$C$2:$C$1001,C96)>1,"Duplicate","Unique") | X96: =YEAR(T96) | Y96: =IF(B96<6.5,"<6.5",IF(B96<7,"6.5–6.9",IF(B96<7.5,"7.0–7.4",IF(B96<8,"7.5–7.9","8.0+")))) | Z96: =IF(F96="","Blank",F96)
A97: M 8.2 - 99 km SE of Perryville, Alaska | B97: 8.2 | C97: 29/07/2021 06:15 | D97: 8 | E97: 7 | F97: yellow | G97: 1 | H97: 1252 | I97: ak | J97: 0 | K97: 0 | L97: 0 | M97: mww | N97: 35 | O97: 55.3154 | P97: -157.829 | Q97: Perryville, Alaska | T97: =DATE(MID(C97,7,4),MID(C97,4,2),MID(C97,1,2))+TIME(MID(C97,12,2),MID(C97,15,2),0) | U97: =IF(ISNUMBER(VALUE(MID(A97,7,1))),"Distance-prefix pattern","Named-region pattern") | V97: =LOWER(M97) | W97: =IF(COUNTIFS($A$2:$A$1001,A97,$C$2:$C$1001,C97)>1,"Duplicate","Unique") | X97: =YEAR(T97) | Y97: =IF(B97<6.5,"<6.5",IF(B97<7,"6.5–6.9",IF(B97<7.5,"7.0–7.4",IF(B97<8,"7.5–7.9","8.0+")))) | Z97: =IF(F97="","Blank",F97)
A98: M 6.7 - 15 km S of Hukay, Philippines | B98: 6.7 | C98: 23/07/2021 20:48 | D98: 8 | E98: 5 | F98: green | G98: 1 | H98: 935 | I98: us | J98: 0 | K98: 8.139 | L98: 12 | M98: mww | N98: 110 | O98: 13.6989 | P98: 120.713 | Q98: Hukay, Philippines | R98: Asia | S98: Philippines | T98: =DATE(MID(C98,7,4),MID(C98,4,2),MID(C98,1,2))+TIME(MID(C98,12,2),MID(C98,15,2),0) | U98: =IF(ISNUMBER(VALUE(MID(A98,7,1))),"Distance-prefix pattern","Named-region pattern") | V98: =LOWER(M98) | W98: =IF(COUNTIFS($A$2:$A$1001,A98,$C$2:$C$1001,C98)>1,"Duplicate","Unique") | X98: =YEAR(T98) | Y98: =IF(B98<6.5,"<6.5",IF(B98<7,"6.5–6.9",IF(B98<7.5,"7.0–7.4",IF(B98<8,"7.5–7.9","8.0+")))) | Z98: =IF(F98="","Blank",F98)
A99: M 6.7 - 71 km S of Burica, Panama | B99: 6.7 | C99: 21/07/2021 21:15 | D99: 6 | E99: 6 | F99: green | G99: 1 | H99: 830 | I99: us | J99: 0 | K99: 1.395 | L99: 61 | M99: mww | N99: 10 | O99: 7.5904 | P99: -82.8813 | Q99: Burica, Panama | T99: =DATE(MID(C99,7,4),MID(C99,4,2),MID(C99,1,2))+TIME(MID(C99,12,2),MID(C99,15,2),0) | U99: =IF(ISNUMBER(VALUE(MID(A99,7,1))),"Distance-prefix pattern","Named-region pattern") | V99: =LOWER(M99) | W99: =IF(COUNTIFS($A$2:$A$1001,A99,$C$2:$C$1001,C99)>1,"Duplicate","Unique") | X99: =YEAR(T99) | Y99: =IF(B99<6.5,"<6.5",IF(B99<7,"6.5–6.9",IF(B99<7.5,"7.0–7.4",IF(B99<8,"7.5–7.9","8.0+")))) | Z99: =IF(F99="","Blank",F99)
A100: M 6.5 - Kermadec Islands, New Zealand | B100: 6.5 | C100: 20/06/2021 17:05 | D100: 0 | E100: 4 | F100: green | G100: 1 | H100: 650 | I100: us | J100: 0 | K100: 7.994 | L100: 24 | M100: mww | N100: 25 | O100: -30.2144 | P100: -177.773 | Q100: Kermadec Islands, New Zealand | T100: =DATE(MID(C100,7,4),MID(C100,4,2),MID(C100,1,2))+TIME(MID(C100,12,2),MID(C100,15,2),0) | U100: =IF(ISNUMBER(VALUE(MID(A100,7,1))),"Distance-prefix pattern","Named-region pattern") | V100: =LOWER(M100) | W100: =IF(COUNTIFS($A$2:$A$1001,A100,$C$2:$C$1001,C100)>1,"Duplicate","Unique") | X100: =YEAR(T100) | Y100: =IF(B100<6.5,"<6.5",IF(B100<7,"6.5–6.9",IF(B100<7.5,"7.0–7.4",IF(B100<8,"7.5–7.9","8.0+")))) | Z100: =IF(F100="","Blank",F100)
...

Sheet Task 1 - Exploration
A1: Task 1: Excel-Based Exploration
A3: Number of records | B3: =COUNTA(Data!A2:A1001)
A4: Number of columns | B4: =COUNTA(Data!1:1)-7
A5: Magnitude minimum | B5: =MIN(Data!B2:B1001)
A6: Magnitude maximum | B6: =MAX(Data!B2:B1001)
A7: Magnitude average | B7: =AVERAGE(Data!B2:B1001)
A8: Depth minimum | B8: =MIN(Data!N2:N1001)
A9: Depth maximum | B9: =MAX(Data!N2:N1001)
A10: Depth average | B10: =AVERAGE(Data!N2:N1001)
A13: Magnitude Type Counts (formula-driven)
A14: Mi | B14: =COUNTIF(Data!M$2:M$1001,A14)
A15: mb | B15: =COUNTIF(Data!M$2:M$1001,A15)
A16: md | B16: =COUNTIF(Data!M$2:M$1001,A16)
A17: ml | B17: =COUNTIF(Data!M$2:M$1001,A17)
A18: ms | B18: =COUNTIF(Data!M$2:M$1001,A18)
A19: mw | B19: =COUNTIF(Data!M$2:M$1001,A19)
A20: mwb | B20: =COUNTIF(Data!M$2:M$1001,A20)
A21: mwc | B21: =COUNTIF(Data!M$2:M$1001,A21)
A22: mww | B22: =COUNTIF(Data!M$2:M$1001,A22)
A26: Alert Level Counts (blank included)
A27: Blank | B27: =COUNTBLANK(Data!F$2:F$1001)
A28: green | B28: =COUNTIF(Data!F$2:F$1001,A28)
A29: yellow | B29: =COUNTIF(Data!F$2:F$1001,A29)
A30: orange | B30: =COUNTIF(Data!F$2:F$1001,A30)
A31: red | B31: =COUNTIF(Data!F$2:F$1001,A31)
A34: Magnitude Band Counts
A35: 6.5–6.9 | B35: =COUNTIF(Data!Y$2:Y$1001,A35)
A36: 7.0–7.4 | B36: =COUNTIF(Data!Y$2:Y$1001,A36)
A37: 7.5–7.9 | B37: =COUNTIF(Data!Y$2:Y$1001,A37)
A38: 8.0+ | B38: =COUNTIF(Data!Y$2:Y$1001,A38)

Sheet Task 2 - Quality Audit
A1: Task 2: Data Type and Quality Audit
A3: Column | B3: Data Type | C3: Quality / Audit Check | D3: Formula / Method | E3: Result | F3: Interpretation
A4: title | B4: text | C4: Title pattern audit | D4: =COUNTA(Data!A2:A1001) | E4: =COUNTA(Data!A2:A1001) | F4: Text values
A5: magnitude | B5: numeric | C5: Range | D5: =MIN(Data!B2:B1001)&" to "&MAX(Data!B2:B1001) | E5: =MIN(Data!B2:B1001)&" to "&MAX(Data!B2:B1001) | F5: Numeric
A6: date_time | B6: datetime (raw text) | C6: Confirm raw cell is text | D6: =ISNUMBER(Data!C2) | E6: =ISNUMBER(Data!C2) | F6: FALSE = raw value is text
A7: cdi | B7: numeric | C7: Numeric check | D7: =ISNUMBER(Data!D2) | E7: =ISNUMBER(Data!D2) | F7: TRUE/FALSE sample check
A8: mmi | B8: numeric | C8: Numeric check | D8: =ISNUMBER(Data!E2) | E8: =ISNUMBER(Data!E2) | F8: TRUE/FALSE sample check
A9: alert | B9: categorical | C9: Blank percentage | D9: =COUNTBLANK(Data!F2:F1001)/COUNTA(Data!A2:A1001) | E9: =COUNTBLANK(Data!F2:F1001)/COUNTA(Data!A2:A1001) | F9: Percent blank
A10: tsunami | B10: categorical | C10: Distinct flag values | D10: =COUNTA(Data!G2:G1001) | E10: =COUNTA(Data!G2:G1001) | F10: 0/1 event flag
A11: sig | B11: numeric | C11: Numeric check | D11: =ISNUMBER(Data!H2) | E11: =ISNUMBER(Data!H2) | F11: TRUE/FALSE sample check
A12: net | B12: categorical | C12: Distinct network codes | D12: =COUNTA(Data!I2:I1001) | E12: =COUNTA(Data!I2:I1001) | F12: Categorical code
A13: nst | B13: numeric | C13: Numeric check | D13: =ISNUMBER(Data!J2) | E13: =ISNUMBER(Data!J2) | F13: TRUE/FALSE sample check
A14: dmin | B14: numeric | C14: Numeric check | D14: =ISNUMBER(Data!K2) | E14: =ISNUMBER(Data!K2) | F14: TRUE/FALSE sample check
A15: gap | B15: numeric | C15: Numeric check | D15: =ISNUMBER(Data!L2) | E15: =ISNUMBER(Data!L2) | F15: TRUE/FALSE sample check
A16: magType | B16: categorical | C16: Casing normalization | D16: =COUNTA(Data!M2:M1001) | E16: =COUNTA(Data!M2:M1001) | F16: Use LOWER helper
A17: depth | B17: numeric | C17: Range | D17: =MIN(Data!N2:N1001)&" to "&MAX(Data!N2:N1001) | E17: =MIN(Data!N2:N1001)&" to "&MAX(Data!N2:N1001) | F17: Numeric
A18: latitude | B18: numeric | C18: Numeric check | D18: =ISNUMBER(Data!O2) | E18: =ISNUMBER(Data!O2) | F18: TRUE/FALSE sample check
A19: longitude | B19: numeric | C19: Numeric check | D19: =ISNUMBER(Data!P2) | E19: =ISNUMBER(Data!P2) | F19: TRUE/FALSE sample check
A20: location | B20: categorical | C20: Blank percentage | D20: =COUNTBLANK(Data!Q2:Q1001)/COUNTA(Data!A2:A1001) | E20: =COUNTBLANK(Data!Q2:Q1001)/COUNTA(Data!A2:A1001) | F20: Percent blank
A21: continent | B21: categorical | C21: Blank percentage | D21: =COUNTBLANK(Data!R2:R1001)/COUNTA(Data!A2:A1001) | E21: =COUNTBLANK(Data!R2:R1001)/COUNTA(Data!A2:A1001) | F21: Percent blank
A22: country | B22: categorical | C22: Blank percentage | D22: =COUNTBLANK(Data!S2:S1001)/COUNTA(Data!A2:A1001) | E22: =COUNTBLANK(Data!S2:S1001)/COUNTA(Data!A2:A1001) | F22: Percent blank
A25: Blank-Percentage Audit (1,000 rows) | E25: Alert Level Breakdown (blank included)
A26: Field | B26: Blank Count | C26: Blank Percentage | E26: Alert Level | F26: Count
A27: alert | B27: =COUNTBLANK(Data!F2:F1001) | C27: =B27/COUNTA(Data!A2:A1001) | E27: Blank | F27: =COUNTBLANK(Data!F2:F1001)
A28: continent | B28: =COUNTBLANK(Data!R2:R1001) | C28: =B28/COUNTA(Data!A2:A1001) | E28: green | F28: =COUNTIF(Data!F2:F1001,E28)
A29: country | B29: =COUNTBLANK(Data!S2:S1001) | C29: =B29/COUNTA(Data!A2:A1001) | E29: yellow | F29: =COUNTIF(Data!F2:F1001,E29)
A30: location | B30: =COUNTBLANK(Data!Q2:Q1001) | C30: =B30/COUNTA(Data!A2:A1001) | E30: orange | F30: =COUNTIF(Data!F2:F1001,E30)
E31: red | F31: =COUNTIF(Data!F2:F1001,E31)
A33: Date-Time Conversion Check
A34: Check | B34: Formula | C34: Result
A35: Raw date_time is number? | B35: =ISNUMBER(Data!C2) | C35: FALSE expected (raw is text)
A36: Converted date_time is number? | B36: =ISNUMBER(Data!T2) | C36: TRUE expected
A39: Title Pattern Audit | D39: Magnitude Type Casing Audit
A40: Pattern | B40: Count | D40: View | E40: Type | F40: Count
A41: Distance-prefix pattern | B41: =COUNTIF(Data!U2:U1001,A41) | D41: Raw | E41: Mi | F41: =COUNTIF(Data!M2:M1001,E41) | H41: Normalized | I41: mb | J41: =COUNTIF(Data!V2:V1001,I41)
A42: Named-region pattern | B42: =COUNTIF(Data!U2:U1001,A42) | D42: Raw | E42: mb | F42: =COUNTIF(Data!M2:M1001,E42) | H42: Normalized | I42: md | J42: =COUNTIF(Data!V2:V1001,I42)
D43: Raw | E43: md | F43: =COUNTIF(Data!M2:M1001,E43) | H43: Normalized | I43: mi | J43: =COUNTIF(Data!V2:V1001,I43)
D44: Raw | E44: ml | F44: =COUNTIF(Data!M2:M1001,E44) | H44: Normalized | I44: ml | J44: =COUNTIF(Data!V2:V1001,I44)
A45: Duplicate Event Audit | D45: Raw | E45: ms | F45: =COUNTIF(Data!M2:M1001,E45) | H45: Normalized | I45: ms | J45: =COUNTIF(Data!V2:V1001,I45)
A46: Duplicated rows (COUNTIFS flag) | B46: =COUNTIF(Data!W2:W1001,"Duplicate") | C46: Two duplicate groups were found; four rows belong to duplicated groups, meaning two are extra occurrences. | D46: Raw | E46: mw | F46: =COUNTIF(Data!M2:M1001,E46) | H46: Normalized | I46: mw | J46: =COUNTIF(Data!V2:V1001,I46)
A47: Extra duplicate rows beyond first occurrence | B47: =COUNTIF(Data!W2:W1001,"Duplicate") | D47: Raw | E47: mwb | F47: =COUNTIF(Data!M2:M1001,E47) | H47: Normalized | I47: mwb | J47: =COUNTIF(Data!V2:V1001,I47)
D48: Raw | E48: mwc | F48: =COUNTIF(Data!M2:M1001,E48) | H48: Normalized | I48: mwc | J48: =COUNTIF(Data!V2:V1001,I48)
D49: Raw | E49: mww | F49: =COUNTIF(Data!M2:M1001,E49) | H49: Normalized | I49: mww | J49: =COUNTIF(Data!V2:V1001,I49)

Sheet Dashboard
A1: Earthquake Data Analytics Dashboard (1995–2023)
A2: Source: provided earthquake_1995-2023.csv | 1,000 significant earthquakes (magnitude 6.5+)
A4: Records | C4: Min Magnitude | E4: Max Magnitude | G4: Avg Magnitude
A5: =COUNTA(Data!A2:A1001) | C5: =MIN(Data!B2:B1001) | E5: =MAX(Data!B2:B1001) | G5: =AVERAGE(Data!B2:B1001)
I6: Go to Task 1
A7: Min Depth | C7: Max Depth | E7: Blank Alert | G7: Blank Continent | I7: Go to Task 2
A8: =MIN(Data!N2:N1001) | C8: =MAX(Data!N2:N1001) | E8: =COUNTBLANK(Data!F2:F1001)/COUNTA(Data!A2:A1001) | G8: =COUNTBLANK(Data!R2:R1001)/COUNTA(Data!A2:A1001) | I8: Go to PivotTables
I9: Go to Data Quality Summary
I10: Go to Data

Sheet Data Quality Summary
A1: Data Quality Summary — Issue and Lab 4 Fix
A3: Issue Found | B3: Evidence / Formula Result | C3: Fix to Apply in Lab 4 | D3: Priority
A4: Alert is heavily incomplete | B4: =COUNTBLANK(Data!F2:F1001)&" blanks ("&TEXT(COUNTBLANK(Data!F2:F1001)/COUNTA(Data!A2:A1001),"0.0%")&")" | C4: Keep missing as blank/NA or explicitly unassigned; do not invent alert values. | D4: High
A5: Continent is heavily incomplete | B5: =COUNTBLANK(Data!R2:R1001)&" blanks ("&TEXT(COUNTBLANK(Data!R2:R1001)/COUNTA(Data!A2:A1001),"0.0%")&")" | C5: Retain missing as NA; only impute from verified geographic mapping if required. | D5: High
A6: Country has missing values | B6: =COUNTBLANK(Data!S2:S1001)&" blanks ("&TEXT(COUNTBLANK(Data!S2:S1001)/COUNTA(Data!A2:A1001),"0.0%")&")" | C6: Retain missing as NA; avoid guessing country from incomplete metadata. | D6: Medium
A7: Location has a few missing values | B7: =COUNTBLANK(Data!Q2:Q1001)&" blanks ("&TEXT(COUNTBLANK(Data!Q2:Q1001)/COUNTA(Data!A2:A1001),"0.0%")&")" | C7: Keep missing as NA or derive only from trusted source fields. | D7: Medium
A8: date_time is stored as text | B8: =ISNUMBER(Data!C2) | C8: Convert with DATE/MID/TIME into DateTime_Converted and use that for sorting/charting. | D8: High
A9: Title has two formats | B9: =COUNTIF(Data!U2:U1001,"Distance-prefix pattern")&" distance-prefix; "&COUNTIF(Data!U2:U1001,"Named-region pattern")&" named-region" | C9: Keep a title-pattern flag; parse distance/city only when the pattern is present. | D9: Medium
A10: magType casing is inconsistent | B10: =COUNTIF(Data!M2:M1001,"Mi")&" raw Mi rows; normalized helper uses LOWER" | C10: Create normalized lowercase magType before grouping/comparison. | D10: Medium
A11: Near-duplicate events exist | B11: =COUNTIF(Data!W2:W1001,"Duplicate")&" rows flagged by title + timestamp" | C11: Use title + date_time duplicate check; review duplicate groups and retain the valid event record. | D11: High
A14: Assignment compliance notes
A15: All 1,000 records and 19 original columns are retained in the Data sheet.
A16: Helper columns are formula-driven: converted datetime, title pattern, normalized magType, duplicate flag, year, magnitude band, and alert audit.
A17: Task 1 contains live formulas for record count, ranges, average, magType counts, alert counts, and magnitude-band counts, plus charts.
A18: Task 2 contains the 19-column classification and formula-driven quality checks.
A19: PivotTable-style breakdowns are provided on the PivotTables sheet; Excel can refresh/filter them from the Data table.

Sheet Graphs
A1: EXTRA PART: EARTHQUAKE DATA VISUALIZATION
A3: Graph 1 - Earthquake Records per Year
A4: Year | B4: Number of Earthquake Records
D5: Decade | E5: Records
A37: Graph 3 - Magnitude Distribution
A38: Magnitude Range | B38: Frequency
A39: 6.5–7.0 | B39: 627
A40: 7.0–7.5 | B40: 229
A41: 7.5–8.0 | B41: 112
A42: 8.0–8.5 | B42: 27
A43: 8.5–9.0 | B43: 3
A44: 9.0–9.5 | B44: 2
A60: Graph 4 - Magnitude vs Depth
A61: Magnitude | B61: Depth
A62: 6.5 | B62: 192.955
A63: 6.5 | B63: 69.727
A64: 6.6 | B64: 171.371
A65: 7.2 | B65: 32.571
A66: 7.3 | B66: 21
A67: 6.6 | B67: 10
A68: 6.9 | B68: 229
A69: 7.2 | B69: 167.404
A70: 6.6 | B70: 10
A71: 7.1 | B71: 35.981
A72: 7.7 | B72: 18.027
A73: 7.6 | B73: 210.097
... A1061: 7.1 | B1061: 16

Sheet README
A1: LAB ASSIGNMENT 3 - EARTHQUAKE DATA
A3: Workbook Sheet Order
A4: 1. Data
A5: 2. Task 1 - Exploration
A6: 3. Task 2 - Quality Audit
A7: 4. Dashboard
A8: 5. Data Quality Summary
A9: 6. README
A11: Purpose
A12: This workbook contains the earthquake dataset, Task 1 exploration, Task 2 quality audit, dashboard, and data quality summary.
A14: Data Coverage
A15: The earthquake dataset contains records from 1995 to 2023.

Sheet PivotTables
A1: PivotTable Summaries
A2: These summaries are built from the Excel Data table and helper columns so they recalculate with the dataset. Use Excel Insert > PivotTable on EarthquakeData for a native PivotTable if your Excel version requires the PivotTable object.
A4: Event Count by Alert Level | D4: Event Count by magType (raw) | G4: Event Count by magType (normalized)
A5: Alert | B5: Count | D5: magType | E5: Count | G5: magType | H5: Count
A6: Blank | B6: =COUNTBLANK(Data!F2:F1001) | D6: Mi | E6: =COUNTIF(Data!M2:M1001,D6) | G6: mb | H6: =COUNTIF(Data!V2:V1001,G6)
A7: green | B7: =COUNTIF(Data!F2:F1001,A7) | D7: mb | E7: =COUNTIF(Data!M2:M1001,D7) | G7: md | H7: =COUNTIF(Data!V2:V1001,G7)
A8: yellow | B8: =COUNTIF(Data!F2:F1001,A8) | D8: md | E8: =COUNTIF(Data!M2:M1001,D8) | G8: mi | H8: =COUNTIF(Data!V2:V1001,G8)
A9: orange | B9: =COUNTIF(Data!F2:F1001,A9) | D9: ml | E9: =COUNTIF(Data!M2:M1001,D9) | G9: ml | H9: =COUNTIF(Data!V2:V1001,G9)
A10: red | B10: =COUNTIF(Data!F2:F1001,A10) | D10: ms | E10: =COUNTIF(Data!M2:M1001,D10) | G10: ms | H10: =COUNTIF(Data!V2:V1001,G10)
D11: mw | E11: =COUNTIF(Data!M2:M1001,D11) | G11: mw | H11: =COUNTIF(Data!V2:V1001,G11)
D12: mwb | E12: =COUNTIF(Data!M2:M1001,D12) | G12: mwb | H12: =COUNTIF(Data!V2:V1001,G12)
D13: mwc | E13: =COUNTIF(Data!M2:M1001,D13) | G13: mwc | H13: =COUNTIF(Data!V2:V1001,G13)
A14: Event Count by Title Pattern | D14: Duplicate Status | E14: =COUNTIF(Data!M2:M1001,D14) | G14: mww | H14: =COUNTIF(Data!V2:V1001,G14)
A15: Pattern | B15: Count | D15: Status | E15: Count
A16: Distance-prefix pattern | B16: =COUNTIF(Data!U2:U1001,A16) | D16: Unique | E16: =COUNTIF(Data!W2:W1001,D16)
A17: Named-region pattern | B17: =COUNTIF(Data!U2:U1001,A17) | D17: Duplicate | E17: =COUNTIF(Data!W2:W1001,D17)
A21: Events by Year
A22: Year | B22: Count
A23: 1995 | B23: =COUNTIF(Data!X2:X1001,A23)
A24: 1996 | B24: =COUNTIF(Data!X2:X1001,A24)
A25: 1997 | B25: =COUNTIF(Data!X2:X1001,A25)
A26: 1998 | B26: =COUNTIF(Data!X2:X1001,A26)
A27: 1999 | B27: =COUNTIF(Data!X2:X1001,A27)
A28: 2000 | B28: =COUNTIF(Data!X2:X1001,A28)
A29: 2001 | B29: =COUNTIF(Data!X2:X1001,A29)
A30: Filter | E30: Filter
A32: alert | B32: Count - title | E32: magType_Normalized | F32: Count - title
A33: green | B33: 353 | E33: mb | F33: 4
A34: orange | B34: 24 | E34: md | F34: 2
A35: red | B35: 13 | E35: mi | F35: 5
A36: yellow | B36: 59 | E36: ml | F36: 1
A37: (empty) | B37: 551 | E37: ms | F37: 3
A38: Total Result | B38: 1000 | E38: mw | F38: 51
A39: 2011 | B39: =COUNTIF(Data!X2:X1001,A39) | E39: mwb | F39: 100
A40: 2012 | B40: =COUNTIF(Data!X2:X1001,A40) | E40: mwc | F40: 332
A41: 2013 | B41: =COUNTIF(Data!X2:X1001,A41) | E41: mww | F41: 502
A42: 2014 | B42: =COUNTIF(Data!X2:X1001,A42) | E42: Total Result | F42: 1000
A43: 2015 | B43: =COUNTIF(Data!X2:X1001,A43)
A44: 2016 | B44: =COUNTIF(Data!X2:X1001,A44)
A45: 2017 | B45: =COUNTIF(Data!X2:X1001,A45)
A46: 2018 | B46: =COUNTIF(Data!X2:X1001,A46)
A47: 2019 | B47: =COUNTIF(Data!X2:X1001,A47)
A48: 2020 | B48: =COUNTIF(Data!X2:X1001,A48)
A49: 2021 | B49: =COUNTIF(Data!X2:X1001,A49)
A50: 2022 | B50: =COUNTIF(Data!X2:X1001,A50)
A51: 2023 | B51: =COUNTIF(Data!X2:X1001,A51)
